ISO-10303-21;
HEADER;
FILE_DESCRIPTION(('STEP AP214'),'1');
FILE_NAME('dhq_asmV2_Part1.stp','2026-08-12T01:44:27',(' '),(' '),'Spatial InterOp 3D',' ',' ');
FILE_SCHEMA(('AUTOMOTIVE_DESIGN { 1 0 10303 214 1 1 1 1 }'));
ENDSEC;
DATA;
#1=MECHANICAL_DESIGN_GEOMETRIC_PRESENTATION_REPRESENTATION(' ',(#10),#6);
#2=PRODUCT_DEFINITION_CONTEXT('',#11,'design');
#3=APPLICATION_PROTOCOL_DEFINITION('INTERNATIONAL STANDARD','automotive_design',1994,#11);
#4=PRODUCT_CATEGORY_RELATIONSHIP('NONE','NONE',#12,#13);
#5=SHAPE_DEFINITION_REPRESENTATION(#14,#15);
#6= (GEOMETRIC_REPRESENTATION_CONTEXT(3)GLOBAL_UNCERTAINTY_ASSIGNED_CONTEXT((#18))GLOBAL_UNIT_ASSIGNED_CONTEXT((#20,#21,#22))REPRESENTATION_CONTEXT('NONE','WORKSPACE'));
#10=STYLED_ITEM('',(#24),#25);
#11=APPLICATION_CONTEXT(' ');
#12=PRODUCT_CATEGORY('part','NONE');
#13=PRODUCT_RELATED_PRODUCT_CATEGORY('detail',' ',(#26));
#14=PRODUCT_DEFINITION_SHAPE('NONE','NONE',#27);
#15=ADVANCED_BREP_SHAPE_REPRESENTATION('\X2\5B9E4F53\X0\',(#25,#28),#6);
#18=UNCERTAINTY_MEASURE_WITH_UNIT(LENGTH_MEASURE(1.0E-08),#20,'','');
#20= (CONVERSION_BASED_UNIT('METRE',#31)LENGTH_UNIT()NAMED_UNIT(#34));
#21= (NAMED_UNIT(#36)PLANE_ANGLE_UNIT()SI_UNIT($,.RADIAN.));
#22= (NAMED_UNIT(#36)SOLID_ANGLE_UNIT()SI_UNIT($,.STERADIAN.));
#24=PRESENTATION_STYLE_ASSIGNMENT((#42));
#25=MANIFOLD_SOLID_BREP('\X2\5B9E4F53\X0\',#43);
#26=PRODUCT('\X2\5B9E4F53\X0\','','PART--DESC',(#44));
#27=PRODUCT_DEFINITION('','NONE',#45,#2);
#28=AXIS2_PLACEMENT_3D('',#46,#47,#48);
#31=LENGTH_MEASURE_WITH_UNIT(LENGTH_MEASURE(1.0),#49);
#34=DIMENSIONAL_EXPONENTS(1.0,0.0,0.0,0.0,0.0,0.0,0.0);
#36=DIMENSIONAL_EXPONENTS(0.0,0.0,0.0,0.0,0.0,0.0,0.0);
#42=SURFACE_STYLE_USAGE(.BOTH.,#50);
#43=CLOSED_SHELL('',(#51,#52,#53,#54,#55,#56,#57,#58,#59,#60,#61,#62,#63,#64,#65,#66,#67,#68,#69,#70,#71,#72,#73,#74,#75,#76,#77,#78,#79,#80,#81,#82,#83,#84,#85,#86,#87,#88,#89,#90,#91,#92,#93,#94,#95));
#44=PRODUCT_CONTEXT('',#11,'mechanical');
#45=PRODUCT_DEFINITION_FORMATION_WITH_SPECIFIED_SOURCE(' ','NONE',#26,.NOT_KNOWN.);
#46=CARTESIAN_POINT('',(0.0,0.0,0.0));
#47=DIRECTION('',(0.0,0.0,1.0));
#48=DIRECTION('',(1.0,0.0,0.0));
#49= (NAMED_UNIT(#34)LENGTH_UNIT()SI_UNIT($,.METRE.));
#50=SURFACE_SIDE_STYLE('',(#97));
#51=ADVANCED_FACE('0:128',(#98),#99,.F.);
#52=ADVANCED_FACE('0:119',(#100),#101,.T.);
#53=ADVANCED_FACE('0:110',(#102),#103,.T.);
#54=ADVANCED_FACE('0:104',(#104),#105,.F.);
#55=ADVANCED_FACE('0:95',(#106),#107,.T.);
#56=ADVANCED_FACE('0:92',(#108,#109),#110,.T.);
#57=ADVANCED_FACE('0:89',(#111),#112,.T.);
#58=ADVANCED_FACE('0:86',(#113,#114,#115),#116,.F.);
#59=ADVANCED_FACE('0:83',(#117),#118,.T.);
#60=ADVANCED_FACE('0:77',(#119),#120,.T.);
#61=ADVANCED_FACE('0:74',(#121),#122,.T.);
#62=ADVANCED_FACE('0:65',(#123,#124),#125,.T.);
#63=ADVANCED_FACE('0:56',(#126),#127,.T.);
#64=ADVANCED_FACE('0:47',(#128),#129,.F.);
#65=ADVANCED_FACE('0:38',(#130),#131,.T.);
#66=ADVANCED_FACE('0:32',(#132),#133,.T.);
#67=ADVANCED_FACE('1:2965',(#134),#135,.T.);
#68=ADVANCED_FACE('1:2965',(#136),#137,.T.);
#69=ADVANCED_FACE('1:2968',(#138),#139,.T.);
#70=ADVANCED_FACE('1:2971',(#140,#141),#142,.F.);
#71=ADVANCED_FACE('0:26',(#143),#144,.T.);
#72=ADVANCED_FACE('0:29',(#145),#146,.F.);
#73=ADVANCED_FACE('0:32',(#147),#148,.T.);
#74=ADVANCED_FACE('0:38',(#149),#150,.T.);
#75=ADVANCED_FACE('0:44',(#151,#152),#153,.F.);
#76=ADVANCED_FACE('0:47',(#154),#155,.F.);
#77=ADVANCED_FACE('0:53',(#156),#157,.T.);
#78=ADVANCED_FACE('0:56',(#158),#159,.T.);
#79=ADVANCED_FACE('0:62',(#160,#161),#162,.T.);
#80=ADVANCED_FACE('0:65',(#163),#164,.T.);
#81=ADVANCED_FACE('0:71',(#165,#166),#167,.F.);
#82=ADVANCED_FACE('0:74',(#168),#169,.T.);
#83=ADVANCED_FACE('0:77',(#170),#171,.T.);
#84=ADVANCED_FACE('0:83',(#172),#173,.T.);
#85=ADVANCED_FACE('0:86',(#174,#175,#176),#177,.F.);
#86=ADVANCED_FACE('0:89',(#178),#179,.T.);
#87=ADVANCED_FACE('0:92',(#180,#181),#182,.T.);
#88=ADVANCED_FACE('0:95',(#183),#184,.T.);
#89=ADVANCED_FACE('0:104',(#185),#186,.F.);
#90=ADVANCED_FACE('0:107',(#187,#188),#189,.T.);
#91=ADVANCED_FACE('0:110',(#190),#191,.T.);
#92=ADVANCED_FACE('0:116',(#192,#193),#194,.T.);
#93=ADVANCED_FACE('0:119',(#195),#196,.T.);
#94=ADVANCED_FACE('0:122',(#197,#198),#199,.F.);
#95=ADVANCED_FACE('0:128',(#200),#201,.F.);
#97=SURFACE_STYLE_FILL_AREA(#202);
#98=FACE_OUTER_BOUND('',#203,.T.);
#99=CONICAL_SURFACE('',#204,0.003999999999981,0.7853981633973);
#100=FACE_OUTER_BOUND('',#205,.T.);
#101=CYLINDRICAL_SURFACE('',#206,0.00175);
#102=FACE_OUTER_BOUND('',#207,.T.);
#103=CYLINDRICAL_SURFACE('',#208,0.0025);
#104=FACE_OUTER_BOUND('',#209,.T.);
#105=CYLINDRICAL_SURFACE('',#210,0.003);
#106=FACE_OUTER_BOUND('',#211,.T.);
#107=TOROIDAL_SURFACE('',#212,0.0035,0.0005);
#108=FACE_OUTER_BOUND('',#213,.T.);
#109=FACE_BOUND('',#214,.T.);
#110=CYLINDRICAL_SURFACE('',#215,0.0036);
#111=FACE_OUTER_BOUND('',#216,.T.);
#112=CYLINDRICAL_SURFACE('',#217,0.0005);
#113=FACE_OUTER_BOUND('',#218,.T.);
#114=FACE_BOUND('',#219,.T.);
#115=FACE_BOUND('',#220,.T.);
#116=CYLINDRICAL_SURFACE('',#221,0.0045);
#117=FACE_OUTER_BOUND('',#222,.T.);
#118=CYLINDRICAL_SURFACE('',#223,0.0005);
#119=FACE_OUTER_BOUND('',#224,.T.);
#120=CYLINDRICAL_SURFACE('',#225,0.0005);
#121=FACE_OUTER_BOUND('',#226,.T.);
#122=CYLINDRICAL_SURFACE('',#227,0.0005);
#123=FACE_OUTER_BOUND('',#228,.T.);
#124=FACE_BOUND('',#229,.T.);
#125=CYLINDRICAL_SURFACE('',#230,0.0065);
#126=FACE_OUTER_BOUND('',#231,.T.);
#127=CYLINDRICAL_SURFACE('',#232,0.002);
#128=FACE_OUTER_BOUND('',#233,.T.);
#129=CYLINDRICAL_SURFACE('',#234,0.0045);
#130=FACE_OUTER_BOUND('',#235,.T.);
#131=CYLINDRICAL_SURFACE('',#236,0.0065);
#132=FACE_OUTER_BOUND('',#237,.T.);
#133=CYLINDRICAL_SURFACE('',#238,0.004);
#134=FACE_OUTER_BOUND('',#239,.T.);
#135=CYLINDRICAL_SURFACE('',#240,0.024);
#136=FACE_OUTER_BOUND('',#241,.T.);
#137=CYLINDRICAL_SURFACE('',#242,0.024);
#138=FACE_OUTER_BOUND('',#243,.T.);
#139=PLANE('',#244);
#140=FACE_OUTER_BOUND('',#245,.T.);
#141=FACE_BOUND('',#246,.T.);
#142=PLANE('',#247);
#143=FACE_OUTER_BOUND('',#248,.T.);
#144=PLANE('',#249);
#145=FACE_OUTER_BOUND('',#250,.T.);
#146=B_SPLINE_SURFACE_WITH_KNOTS('',3,3,((#251,#252,#253,#254,#255,#256,#257,#258,#259,#260,#261,#262,#263,#264,#265,#266,#267,#268,#269,#270,#271,#272,#273,#274,#275,#276,#277,#278),(#279,#280,#281,#282,#283,#284,#285,#286,#287,#288,#289,#290,#291,#292,#293,#294,#295,#296,#297,#298,#299,#300,#301,#302,#303,#304,#305,#306),(#307,#308,#309,#310,#311,#312,#313,#314,#315,#316,#317,#318,#319,#320,#321,#322,#323,#324,#325,#326,#327,#328,#329,#330,#331,#332,#333,#334),(#335,#336,#337,#338,#339,#340,#341,#342,#343,#344,#345,#346,#347,#348,#349,#350,#351,#352,#353,#354,#355,#356,#357,#358,#359,#360,#361,#362),(#363,#364,#365,#366,#367,#368,#369,#370,#371,#372,#373,#374,#375,#376,#377,#378,#379,#380,#381,#382,#383,#384,#385,#386,#387,#388,#389,#390),(#391,#392,#393,#394,#395,#396,#397,#398,#399,#400,#401,#402,#403,#404,#405,#406,#407,#408,#409,#410,#411,#412,#413,#414,#415,#416,#417,#418),(#419,#420,#421,#422,#423,#424,#425,#426,#427,#428,#429,#430,#431,#432,#433,#434,#435,#436,#437,#438,#439,#440,#441,#442,#443,#444,#445,#446),(#447,#448,#449,#450,#451,#452,#453,#454,#455,#456,#457,#458,#459,#460,#461,#462,#463,#464,#465,#466,#467,#468,#469,#470,#471,#472,#473,#474),(#475,#476,#477,#478,#479,#480,#481,#482,#483,#484,#485,#486,#487,#488,#489,#490,#491,#492,#493,#494,#495,#496,#497,#498,#499,#500,#501,#502),(#503,#504,#505,#506,#507,#508,#509,#510,#511,#512,#513,#514,#515,#516,#517,#518,#519,#520,#521,#522,#523,#524,#525,#526,#527,#528,#529,#530),(#531,#532,#533,#534,#535,#536,#537,#538,#539,#540,#541,#542,#543,#544,#545,#546,#547,#548,#549,#550,#551,#552,#553,#554,#555,#556,#557,#558),(#559,#560,#561,#562,#563,#564,#565,#566,#567,#568,#569,#570,#571,#572,#573,#574,#575,#576,#577,#578,#579,#580,#581,#582,#583,#584,#585,#586),(#587,#588,#589,#590,#591,#592,#593,#594,#595,#596,#597,#598,#599,#600,#601,#602,#603,#604,#605,#606,#607,#608,#609,#610,#611,#612,#613,#614),(#615,#616,#617,#618,#619,#620,#621,#622,#623,#624,#625,#626,#627,#628,#629,#630,#631,#632,#633,#634,#635,#636,#637,#638,#639,#640,#641,#642),(#643,#644,#645,#646,#647,#648,#649,#650,#651,#652,#653,#654,#655,#656,#657,#658,#659,#660,#661,#662,#663,#664,#665,#666,#667,#668,#669,#670),(#671,#672,#673,#674,#675,#676,#677,#678,#679,#680,#681,#682,#683,#684,#685,#686,#687,#688,#689,#690,#691,#692,#693,#694,#695,#696,#697,#698),(#699,#700,#701,#702,#703,#704,#705,#706,#707,#708,#709,#710,#711,#712,#713,#714,#715,#716,#717,#718,#719,#720,#721,#722,#723,#724,#725,#726),(#727,#728,#729,#730,#731,#732,#733,#734,#735,#736,#737,#738,#739,#740,#741,#742,#743,#744,#745,#746,#747,#748,#749,#750,#751,#752,#753,#754),(#755,#756,#757,#758,#759,#760,#761,#762,#763,#764,#765,#766,#767,#768,#769,#770,#771,#772,#773,#774,#775,#776,#777,#778,#779,#780,#781,#782),(#783,#784,#785,#786,#787,#788,#789,#790,#791,#792,#793,#794,#795,#796,#797,#798,#799,#800,#801,#802,#803,#804,#805,#806,#807,#808,#809,#810),(#811,#812,#813,#814,#815,#816,#817,#818,#819,#820,#821,#822,#823,#824,#825,#826,#827,#828,#829,#830,#831,#832,#833,#834,#835,#836,#837,#838),(#839,#840,#841,#842,#843,#844,#845,#846,#847,#848,#849,#850,#851,#852,#853,#854,#855,#856,#857,#858,#859,#860,#861,#862,#863,#864,#865,#866),(#867,#868,#869,#870,#871,#872,#873,#874,#875,#876,#877,#878,#879,#880,#881,#882,#883,#884,#885,#886,#887,#888,#889,#890,#891,#892,#893,#894),(#895,#896,#897,#898,#899,#900,#901,#902,#903,#904,#905,#906,#907,#908,#909,#910,#911,#912,#913,#914,#915,#916,#917,#918,#919,#920,#921,#922),(#923,#924,#925,#926,#927,#928,#929,#930,#931,#932,#933,#934,#935,#936,#937,#938,#939,#940,#941,#942,#943,#944,#945,#946,#947,#948,#949,#950),(#951,#952,#953,#954,#955,#956,#957,#958,#959,#960,#961,#962,#963,#964,#965,#966,#967,#968,#969,#970,#971,#972,#973,#974,#975,#976,#977,#978),(#979,#980,#981,#982,#983,#984,#985,#986,#987,#988,#989,#990,#991,#992,#993,#994,#995,#996,#997,#998,#999,#1000,#1001,#1002,#1003,#1004,#1005,#1006),(#1007,#1008,#1009,#1010,#1011,#1012,#1013,#1014,#1015,#1016,#1017,#1018,#1019,#1020,#1021,#1022,#1023,#1024,#1025,#1026,#1027,#1028,#1029,#1030,#1031,#1032,#1033,#1034)),.UNSPECIFIED.,.F.,.F.,.F.,(4,3,3,3,3,3,3,3,3,4),(4,3,3,3,3,3,3,3,3,4),(-2.0,-1.61109029302449,-1.10785700307263,-0.834601653268879,-0.596770189472349,-0.389770380640708,-0.0337883546161385,0.489419367354932,0.747827897975271,1.0),(-1.73205080756888,-1.28297655954334,-1.00166148478691,-0.666645077446336,-0.245389639902838,0.228117508735622,0.481538982791501,0.863667823789268,1.30316269787351,1.73205080756888),.UNSPECIFIED.);
#147=FACE_OUTER_BOUND('',#1035,.T.);
#148=CYLINDRICAL_SURFACE('',#1036,0.004);
#149=FACE_OUTER_BOUND('',#1037,.T.);
#150=CYLINDRICAL_SURFACE('',#1038,0.0065);
#151=FACE_OUTER_BOUND('',#1039,.T.);
#152=FACE_BOUND('',#1040,.T.);
#153=PLANE('',#1041);
#154=FACE_OUTER_BOUND('',#1042,.T.);
#155=CYLINDRICAL_SURFACE('',#1043,0.0045);
#156=FACE_OUTER_BOUND('',#1044,.T.);
#157=B_SPLINE_SURFACE_WITH_KNOTS('',3,3,((#1045,#1046,#1047,#1048,#1049,#1050,#1051,#1052,#1053,#1054,#1055,#1056,#1057,#1058,#1059,#1060,#1061,#1062,#1063,#1064),(#1065,#1066,#1067,#1068,#1069,#1070,#1071,#1072,#1073,#1074,#1075,#1076,#1077,#1078,#1079,#1080,#1081,#1082,#1083,#1084),(#1085,#1086,#1087,#1088,#1089,#1090,#1091,#1092,#1093,#1094,#1095,#1096,#1097,#1098,#1099,#1100,#1101,#1102,#1103,#1104),(#1105,#1106,#1107,#1108,#1109,#1110,#1111,#1112,#1113,#1114,#1115,#1116,#1117,#1118,#1119,#1120,#1121,#1122,#1123,#1124),(#1125,#1126,#1127,#1128,#1129,#1130,#1131,#1132,#1133,#1134,#1135,#1136,#1137,#1138,#1139,#1140,#1141,#1142,#1143,#1144),(#1145,#1146,#1147,#1148,#1149,#1150,#1151,#1152,#1153,#1154,#1155,#1156,#1157,#1158,#1159,#1160,#1161,#1162,#1163,#1164),(#1165,#1166,#1167,#1168,#1169,#1170,#1171,#1172,#1173,#1174,#1175,#1176,#1177,#1178,#1179,#1180,#1181,#1182,#1183,#1184),(#1185,#1186,#1187,#1188,#1189,#1190,#1191,#1192,#1193,#1194,#1195,#1196,#1197,#1198,#1199,#1200,#1201,#1202,#1203,#1204),(#1205,#1206,#1207,#1208,#1209,#1210,#1211,#1212,#1213,#1214,#1215,#1216,#1217,#1218,#1219,#1220,#1221,#1222,#1223,#1224),(#1225,#1226,#1227,#1228,#1229,#1230,#1231,#1232,#1233,#1234,#1235,#1236,#1237,#1238,#1239,#1240,#1241,#1242,#1243,#1244),(#1245,#1246,#1247,#1248,#1249,#1250,#1251,#1252,#1253,#1254,#1255,#1256,#1257,#1258,#1259,#1260,#1261,#1262,#1263,#1264),(#1265,#1266,#1267,#1268,#1269,#1270,#1271,#1272,#1273,#1274,#1275,#1276,#1277,#1278,#1279,#1280,#1281,#1282,#1283,#1284),(#1285,#1286,#1287,#1288,#1289,#1290,#1291,#1292,#1293,#1294,#1295,#1296,#1297,#1298,#1299,#1300,#1301,#1302,#1303,#1304),(#1305,#1306,#1307,#1308,#1309,#1310,#1311,#1312,#1313,#1314,#1315,#1316,#1317,#1318,#1319,#1320,#1321,#1322,#1323,#1324),(#1325,#1326,#1327,#1328,#1329,#1330,#1331,#1332,#1333,#1334,#1335,#1336,#1337,#1338,#1339,#1340,#1341,#1342,#1343,#1344),(#1345,#1346,#1347,#1348,#1349,#1350,#1351,#1352,#1353,#1354,#1355,#1356,#1357,#1358,#1359,#1360,#1361,#1362,#1363,#1364)),.UNSPECIFIED.,.F.,.F.,.F.,(4,2,2,2,2,2,2,4),(4,2,2,2,2,2,2,2,2,4),(0.0,0.1428571428571,0.2857142857143,0.4285714285714,0.5714285714286,0.7142857142857,0.8571428571429,1.0),(0.0,0.1111111111111,0.2222222222222,0.3333333333333,0.4444444444444,0.5555555555556,0.6666666666667,0.7777777777778,0.8888888888889,1.0),.UNSPECIFIED.);
#158=FACE_OUTER_BOUND('',#1365,.T.);
#159=CYLINDRICAL_SURFACE('',#1366,0.002);
#160=FACE_OUTER_BOUND('',#1367,.T.);
#161=FACE_BOUND('',#1368,.T.);
#162=PLANE('',#1369);
#163=FACE_OUTER_BOUND('',#1370,.T.);
#164=CYLINDRICAL_SURFACE('',#1371,0.0065);
#165=FACE_OUTER_BOUND('',#1372,.T.);
#166=FACE_BOUND('',#1373,.T.);
#167=PLANE('',#1374);
#168=FACE_OUTER_BOUND('',#1375,.T.);
#169=CYLINDRICAL_SURFACE('',#1376,0.0005);
#170=FACE_OUTER_BOUND('',#1377,.T.);
#171=CYLINDRICAL_SURFACE('',#1378,0.0005);
#172=FACE_OUTER_BOUND('',#1379,.T.);
#173=CYLINDRICAL_SURFACE('',#1380,0.0005);
#174=FACE_OUTER_BOUND('',#1381,.T.);
#175=FACE_BOUND('',#1382,.T.);
#176=FACE_BOUND('',#1383,.T.);
#177=CYLINDRICAL_SURFACE('',#1384,0.0045);
#178=FACE_OUTER_BOUND('',#1385,.T.);
#179=CYLINDRICAL_SURFACE('',#1386,0.0005);
#180=FACE_OUTER_BOUND('',#1387,.T.);
#181=FACE_BOUND('',#1388,.T.);
#182=CYLINDRICAL_SURFACE('',#1389,0.0036);
#183=FACE_OUTER_BOUND('',#1390,.T.);
#184=TOROIDAL_SURFACE('',#1391,0.0035,0.0005);
#185=FACE_OUTER_BOUND('',#1392,.T.);
#186=CYLINDRICAL_SURFACE('',#1393,0.003);
#187=FACE_OUTER_BOUND('',#1394,.T.);
#188=FACE_BOUND('',#1395,.T.);
#189=PLANE('',#1396);
#190=FACE_OUTER_BOUND('',#1397,.T.);
#191=CYLINDRICAL_SURFACE('',#1398,0.0025);
#192=FACE_OUTER_BOUND('',#1399,.T.);
#193=FACE_BOUND('',#1400,.T.);
#194=PLANE('',#1401);
#195=FACE_OUTER_BOUND('',#1402,.T.);
#196=CYLINDRICAL_SURFACE('',#1403,0.00175);
#197=FACE_OUTER_BOUND('',#1404,.T.);
#198=FACE_BOUND('',#1405,.T.);
#199=PLANE('',#1406);
#200=FACE_OUTER_BOUND('',#1407,.T.);
#201=CONICAL_SURFACE('',#1408,0.003999999999981,0.7853981633973);
#202=FILL_AREA_STYLE('',(#1409));
#203=EDGE_LOOP('',(#1410,#1411,#1412,#1413,#1414));
#204=AXIS2_PLACEMENT_3D('',#1415,#1416,#1417);
#205=EDGE_LOOP('',(#1418,#1419,#1420,#1421));
#206=AXIS2_PLACEMENT_3D('',#1422,#1423,#1424);
#207=EDGE_LOOP('',(#1425,#1426,#1427,#1428));
#208=AXIS2_PLACEMENT_3D('',#1429,#1430,#1431);
#209=EDGE_LOOP('',(#1432,#1433,#1434,#1435,#1436));
#210=AXIS2_PLACEMENT_3D('',#1437,#1438,#1439);
#211=EDGE_LOOP('',(#1440,#1441,#1442,#1443,#1444,#1445));
#212=AXIS2_PLACEMENT_3D('',#1446,#1447,#1448);
#213=EDGE_LOOP('',(#1449,#1450,#1451,#1452,#1453,#1454,#1455,#1456,#1457));
#214=EDGE_LOOP('',(#1458,#1459));
#215=AXIS2_PLACEMENT_3D('',#1460,#1461,#1462);
#216=EDGE_LOOP('',(#1463,#1464,#1465,#1466));
#217=AXIS2_PLACEMENT_3D('',#1467,#1468,#1469);
#218=EDGE_LOOP('',(#1470,#1471,#1472,#1473));
#219=EDGE_LOOP('',(#1474,#1475));
#220=EDGE_LOOP('',(#1476,#1477));
#221=AXIS2_PLACEMENT_3D('',#1478,#1479,#1480);
#222=EDGE_LOOP('',(#1481,#1482,#1483,#1484));
#223=AXIS2_PLACEMENT_3D('',#1485,#1486,#1487);
#224=EDGE_LOOP('',(#1488,#1489,#1490,#1491));
#225=AXIS2_PLACEMENT_3D('',#1492,#1493,#1494);
#226=EDGE_LOOP('',(#1495,#1496,#1497,#1498));
#227=AXIS2_PLACEMENT_3D('',#1499,#1500,#1501);
#228=EDGE_LOOP('',(#1502,#1503,#1504,#1505));
#229=EDGE_LOOP('',(#1506,#1507));
#230=AXIS2_PLACEMENT_3D('',#1508,#1509,#1510);
#231=EDGE_LOOP('',(#1511,#1512,#1513,#1514));
#232=AXIS2_PLACEMENT_3D('',#1515,#1516,#1517);
#233=EDGE_LOOP('',(#1518,#1519,#1520,#1521,#1522));
#234=AXIS2_PLACEMENT_3D('',#1523,#1524,#1525);
#235=EDGE_LOOP('',(#1526,#1527,#1528,#1529,#1530,#1531,#1532));
#236=AXIS2_PLACEMENT_3D('',#1533,#1534,#1535);
#237=EDGE_LOOP('',(#1536,#1537,#1538,#1539,#1540));
#238=AXIS2_PLACEMENT_3D('',#1541,#1542,#1543);
#239=EDGE_LOOP('',(#1544,#1545,#1546,#1547));
#240=AXIS2_PLACEMENT_3D('',#1548,#1549,#1550);
#241=EDGE_LOOP('',(#1551,#1552,#1553,#1554));
#242=AXIS2_PLACEMENT_3D('',#1555,#1556,#1557);
#243=EDGE_LOOP('',(#1558,#1559));
#244=AXIS2_PLACEMENT_3D('',#1560,#1561,#1562);
#245=EDGE_LOOP('',(#1563,#1564));
#246=EDGE_LOOP('',(#1565,#1566));
#247=AXIS2_PLACEMENT_3D('',#1567,#1568,#1569);
#248=EDGE_LOOP('',(#1570,#1571));
#249=AXIS2_PLACEMENT_3D('',#1572,#1573,#1574);
#250=EDGE_LOOP('',(#1575,#1576,#1577));
#251=CARTESIAN_POINT('',(0.0295,0.02966,1.30104260698261E-18));
#252=CARTESIAN_POINT('',(0.0295,0.02966,1.30104260698261E-18));
#253=CARTESIAN_POINT('',(0.0295,0.02966,1.30104260698261E-18));
#254=CARTESIAN_POINT('',(0.0295,0.02966,1.30104260698261E-18));
#255=CARTESIAN_POINT('',(0.0295,0.02966,1.30104260698261E-18));
#256=CARTESIAN_POINT('',(0.0295,0.02966,1.30104260698261E-18));
#257=CARTESIAN_POINT('',(0.0295,0.02966,1.30104260698261E-18));
#258=CARTESIAN_POINT('',(0.0295,0.02966,1.30104260698261E-18));
#259=CARTESIAN_POINT('',(0.0295,0.02966,1.30104260698261E-18));
#260=CARTESIAN_POINT('',(0.0295,0.02966,1.30104260698261E-18));
#261=CARTESIAN_POINT('',(0.0295,0.02966,1.30104260698261E-18));
#262=CARTESIAN_POINT('',(0.0295,0.02966,1.30104260698261E-18));
#263=CARTESIAN_POINT('',(0.0295,0.02966,1.30104260698261E-18));
#264=CARTESIAN_POINT('',(0.0295,0.02966,1.30104260698261E-18));
#265=CARTESIAN_POINT('',(0.0295,0.02966,1.30104260698261E-18));
#266=CARTESIAN_POINT('',(0.0295,0.02966,1.30104260698261E-18));
#267=CARTESIAN_POINT('',(0.0295,0.02966,1.30104260698261E-18));
#268=CARTESIAN_POINT('',(0.0295,0.02966,1.30104260698261E-18));
#269=CARTESIAN_POINT('',(0.0295,0.02966,1.30104260698261E-18));
#270=CARTESIAN_POINT('',(0.0295,0.02966,1.30104260698261E-18));
#271=CARTESIAN_POINT('',(0.0295,0.02966,1.30104260698261E-18));
#272=CARTESIAN_POINT('',(0.0295,0.02966,1.30104260698261E-18));
#273=CARTESIAN_POINT('',(0.0295,0.02966,1.30104260698261E-18));
#274=CARTESIAN_POINT('',(0.0295,0.02966,1.30104260698261E-18));
#275=CARTESIAN_POINT('',(0.0295,0.02966,1.30104260698261E-18));
#276=CARTESIAN_POINT('',(0.0295,0.02966,1.30104260698261E-18));
#277=CARTESIAN_POINT('',(0.0295,0.02966,1.30104260698261E-18));
#278=CARTESIAN_POINT('',(0.0295,0.02966,1.30104260698261E-18));
#279=CARTESIAN_POINT('',(0.0294907535672849,0.02966,-0.000271510195187562));
#280=CARTESIAN_POINT('',(0.0294907535672849,0.02966,-0.000248045095087282));
#281=CARTESIAN_POINT('',(0.0294907535672849,0.02966,-0.000224579994987002));
#282=CARTESIAN_POINT('',(0.0294907535672849,0.02966,-0.000201114894886723));
#283=CARTESIAN_POINT('',(0.0294907535672849,0.02966,-0.000186415574188864));
#284=CARTESIAN_POINT('',(0.0294907535672849,0.02966,-0.000171716253491005));
#285=CARTESIAN_POINT('',(0.0294907535672849,0.02966,-0.000157016932793147));
#286=CARTESIAN_POINT('',(0.0294907535672849,0.02966,-0.000139511601396287));
#287=CARTESIAN_POINT('',(0.0294907535672849,0.02966,-0.000122006269999427));
#288=CARTESIAN_POINT('',(0.0294907535672849,0.02966,-0.000104500938602567));
#289=CARTESIAN_POINT('',(0.0294907535672849,0.02966,-8.24894314782857E-05));
#290=CARTESIAN_POINT('',(0.0294907535672849,0.02966,-6.04779243540047E-05));
#291=CARTESIAN_POINT('',(0.0294907535672849,0.02966,-3.84664172297237E-05));
#292=CARTESIAN_POINT('',(0.0294907535672849,0.02966,-1.37246452625019E-05));
#293=CARTESIAN_POINT('',(0.0294907535672849,0.02966,1.10171267047199E-05));
#294=CARTESIAN_POINT('',(0.0294907535672849,0.02966,3.57588986719417E-05));
#295=CARTESIAN_POINT('',(0.0294907535672849,0.02966,4.90007184432314E-05));
#296=CARTESIAN_POINT('',(0.0294907535672849,0.02966,6.22425382145211E-05));
#297=CARTESIAN_POINT('',(0.0294907535672849,0.02966,7.54843579858108E-05));
#298=CARTESIAN_POINT('',(0.0294907535672849,0.02966,9.54514158713178E-05));
#299=CARTESIAN_POINT('',(0.0294907535672849,0.02966,0.000115418473756825));
#300=CARTESIAN_POINT('',(0.0294907535672849,0.02966,0.000135385531642332));
#301=CARTESIAN_POINT('',(0.0294907535672849,0.02966,0.000158350088749067));
#302=CARTESIAN_POINT('',(0.0294907535672849,0.02966,0.000181314645855801));
#303=CARTESIAN_POINT('',(0.0294907535672849,0.02966,0.000204279202962536));
#304=CARTESIAN_POINT('',(0.0294907535672849,0.02966,0.000226689533704212));
#305=CARTESIAN_POINT('',(0.0294907535672849,0.02966,0.000249099864445888));
#306=CARTESIAN_POINT('',(0.0294907535672849,0.02966,0.000271510195187563));
#307=CARTESIAN_POINT('',(0.0294805627215597,0.0296322607008185,-0.000543012624921037));
#308=CARTESIAN_POINT('',(0.0294806454808799,0.0296348230373914,-0.000496021779200267));
#309=CARTESIAN_POINT('',(0.0294807173210325,0.0296370658870122,-0.000449042963809617));
#310=CARTESIAN_POINT('',(0.0294807783696261,0.0296389811246565,-0.000402083806213876));
#311=CARTESIAN_POINT('',(0.0294808166124996,0.0296401808933438,-0.000372667024940786));
#312=CARTESIAN_POINT('',(0.0294808506200043,0.0296412521159845,-0.000343257732675095));
#313=CARTESIAN_POINT('',(0.0294808804170081,0.0296421930927426,-0.000313855896727635));
#314=CARTESIAN_POINT('',(0.0294809159020784,0.0296433136962268,-0.000278841429561723));
#315=CARTESIAN_POINT('',(0.0294809454160341,0.0296442495548424,-0.000243837557686449));
#316=CARTESIAN_POINT('',(0.0294809689903974,0.0296449984262523,-0.000208842115082126));
#317=CARTESIAN_POINT('',(0.0294809986332103,0.0296459400701435,-0.000164838238963528));
#318=CARTESIAN_POINT('',(0.0294810188859981,0.0296465859852313,-0.000120847691916377));
#319=CARTESIAN_POINT('',(0.0294810297837655,0.0296469336060251,-7.68627110475613E-05));
#320=CARTESIAN_POINT('',(0.0294810420332709,0.029647324345031,-2.74219180798513E-05));
#321=CARTESIAN_POINT('',(0.0294810424640487,0.0296473381203358,2.20120624328538E-05));
#322=CARTESIAN_POINT('',(0.0294810310770489,0.0296469748614686,7.14523786115393E-05));
#323=CARTESIAN_POINT('',(0.0294810249827158,0.029646780444979,9.79128826183284E-05));
#324=CARTESIAN_POINT('',(0.0294810155024058,0.0296464780974597,0.000124375214374689));
#325=CARTESIAN_POINT('',(0.0294810026301625,0.0296460682580785,0.000150841202309496));
#326=CARTESIAN_POINT('',(0.0294809832203812,0.0296454502700081,0.000190748701597258));
#327=CARTESIAN_POINT('',(0.0294809560993164,0.0296445878155891,0.000230664671890654));
#328=CARTESIAN_POINT('',(0.029480921228842,0.0296434836480932,0.000270593605659859));
#329=CARTESIAN_POINT('',(0.0294808811235344,0.0296422137205123,0.000316516759937862));
#330=CARTESIAN_POINT('',(0.0294808307679489,0.0296406240509182,0.000362457338257754));
#331=CARTESIAN_POINT('',(0.0294807700716805,0.0296387208670588,0.000408416441047642));
#332=CARTESIAN_POINT('',(0.0294807108402552,0.0296368636146175,0.000453266367363443));
#333=CARTESIAN_POINT('',(0.0294806417608022,0.0296347078589309,0.000498134043967489));
#334=CARTESIAN_POINT('',(0.0294805627215597,0.0296322607008185,0.000543012624921037));
#335=CARTESIAN_POINT('',(0.029469637444894,0.0295773536698807,-0.000808912989803044));
#336=CARTESIAN_POINT('',(0.0294698392253053,0.0295820344809551,-0.000741449384227642));
#337=CARTESIAN_POINT('',(0.0294700154633507,0.0295860830951316,-0.000673051035984455));
#338=CARTESIAN_POINT('',(0.0294701657385894,0.0295895164360985,-0.00060394510662178));
#339=CARTESIAN_POINT('',(0.029470259876007,0.0295916671952992,-0.000560654849453288));
#340=CARTESIAN_POINT('',(0.0294703438274263,0.0295935764403953,-0.000517087253668558));
#341=CARTESIAN_POINT('',(0.0294704175134431,0.0295952474957039,-0.00047330089435298));
#342=CARTESIAN_POINT('',(0.0294705052656712,0.0295972375452825,-0.000421155986010864));
#343=CARTESIAN_POINT('',(0.0294705784582145,0.0295988898331877,-0.000368700795510523));
#344=CARTESIAN_POINT('',(0.0294706369923071,0.0296002085921165,-0.000316037205444632));
#345=CARTESIAN_POINT('',(0.0294707105940898,0.029601866822452,-0.000249817094459842));
#346=CARTESIAN_POINT('',(0.0294707610162997,0.0296029978541513,-0.000183267484939994));
#347=CARTESIAN_POINT('',(0.0294707881508672,0.0296036064033532,-0.000116595688149411));
#348=CARTESIAN_POINT('',(0.0294708186511541,0.0296042904358232,-4.16540504176677E-05));
#349=CARTESIAN_POINT('',(0.0294708197255484,0.0296043144656675,3.34416651750004E-05));
#350=CARTESIAN_POINT('',(0.0294707913711355,0.0296036786210485,0.000108394144224127));
#351=CARTESIAN_POINT('',(0.0294707761958269,0.0296033383164067,0.000148508781942669));
#352=CARTESIAN_POINT('',(0.029470752593656,0.029602808876841,0.000188582373280127));
#353=CARTESIAN_POINT('',(0.029470720582956,0.0296020894993141,0.000228569593924095));
#354=CARTESIAN_POINT('',(0.0294706723147037,0.0296010047652694,0.000288865471912842));
#355=CARTESIAN_POINT('',(0.0294706049249101,0.029599488295976,0.000348964751254156));
#356=CARTESIAN_POINT('',(0.0294705185321541,0.0295975349632825,0.00040871447365247));
#357=CARTESIAN_POINT('',(0.0294704191699251,0.0295952883919326,0.000477433957514116));
#358=CARTESIAN_POINT('',(0.0294702946688101,0.0295924640065174,0.000545690659298003));
#359=CARTESIAN_POINT('',(0.0294701453164365,0.0295890497114103,0.000613259854128685));
#360=CARTESIAN_POINT('',(0.0294699995685314,0.0295857178168633,0.000679198334765015));
#361=CARTESIAN_POINT('',(0.0294698301551631,0.0295818240758824,0.000744481910987714));
#362=CARTESIAN_POINT('',(0.029469637444894,0.0295773536698807,0.000808912989803043));
#363=CARTESIAN_POINT('',(0.0294555005827343,0.0295063062125282,-0.0011529772109293));
#364=CARTESIAN_POINT('',(0.0294558563715803,0.0295137282431556,-0.0010590226895674));
#365=CARTESIAN_POINT('',(0.0294561676962386,0.0295201134429763,-0.000962908339914938));
#366=CARTESIAN_POINT('',(0.0294564334271149,0.0295255111476909,-0.000865145391665386));
#367=CARTESIAN_POINT('',(0.0294565998897915,0.0295288924498073,-0.000803903422845864));
#368=CARTESIAN_POINT('',(0.0294567484665984,0.0295318860617621,-0.000742015560088546));
#369=CARTESIAN_POINT('',(0.0294568789432068,0.0295345018089215,-0.000679616214547391));
#370=CARTESIAN_POINT('',(0.0294570343270042,0.0295376168862654,-0.000605305214393198));
#371=CARTESIAN_POINT('',(0.0294571640378573,0.0295401962044349,-0.00053026872975652));
#372=CARTESIAN_POINT('',(0.0294572678084131,0.0295422523745567,-0.000454743277888349));
#373=CARTESIAN_POINT('',(0.0294573982913087,0.0295448378385083,-0.000359776265600938));
#374=CARTESIAN_POINT('',(0.0294574877515196,0.0295465965913059,-0.000264036149845975));
#375=CARTESIAN_POINT('',(0.0294575358958439,0.0295475427712199,-0.000168008539070626));
#376=CARTESIAN_POINT('',(0.0294575900118972,0.0295486063134634,-6.00698488689019E-05));
#377=CARTESIAN_POINT('',(0.0294575919191051,0.0295486436122635,4.82311046968465E-05));
#378=CARTESIAN_POINT('',(0.029457541609552,0.0295476550528055,0.000156195281383769));
#379=CARTESIAN_POINT('',(0.0294575146838316,0.0295471259748481,0.000213977810918755));
#380=CARTESIAN_POINT('',(0.0294574728085489,0.0295463026874417,0.000271663816697223));
#381=CARTESIAN_POINT('',(0.0294574160334671,0.0295451827801862,0.000329146960683789));
#382=CARTESIAN_POINT('',(0.029457330423531,0.0295434940958979,0.000415824568689695));
#383=CARTESIAN_POINT('',(0.0294572109276456,0.0295411313580465,0.000502040226285714));
#384=CARTESIAN_POINT('',(0.0294570578671598,0.0295380792402407,0.000587437240310758));
#385=CARTESIAN_POINT('',(0.0294568818288927,0.029534568931709,0.000685654244366533));
#386=CARTESIAN_POINT('',(0.0294566613864884,0.0295301468744085,0.000782787099222283));
#387=CARTESIAN_POINT('',(0.0294563973167325,0.0295247772630133,0.000878318871275385));
#388=CARTESIAN_POINT('',(0.0294561396200331,0.0295195372417596,0.000971545080607353));
#389=CARTESIAN_POINT('',(0.0294558403786729,0.0295133946187325,0.00106324599779158));
#390=CARTESIAN_POINT('',(0.0294555005827343,0.0295063062125282,0.0011529772109293));
#391=CARTESIAN_POINT('',(0.0294401328729526,0.0293896748586884,-0.00148759987157945));
#392=CARTESIAN_POINT('',(0.0294407001440865,0.0293989154570604,-0.00137266123597494));
#393=CARTESIAN_POINT('',(0.0294411989292051,0.029406830980319,-0.00125250625059517));
#394=CARTESIAN_POINT('',(0.0294416257420707,0.0294135302046923,-0.00112839994565655));
#395=CARTESIAN_POINT('',(0.0294418931118736,0.0294177268220973,-0.00105065562029153));
#396=CARTESIAN_POINT('',(0.029442132258718,0.0294214446677825,-0.000971363934228859));
#397=CARTESIAN_POINT('',(0.0294423425342266,0.029424698016325,-0.000890856273494757));
#398=CARTESIAN_POINT('',(0.0294425929500478,0.0294285724092684,-0.000794980191184249));
#399=CARTESIAN_POINT('',(0.0294428024118007,0.0294317880556904,-0.000697379909531854));
#400=CARTESIAN_POINT('',(0.0294429701241801,0.0294343562554464,-0.000598628414757438));
#401=CARTESIAN_POINT('',(0.0294431810086329,0.029437585554335,-0.000474456573534805));
#402=CARTESIAN_POINT('',(0.0294433258592875,0.0294397908504382,-0.000348465186254878));
#403=CARTESIAN_POINT('',(0.0294434038178813,0.0294409778298742,-0.00022180352125098));
#404=CARTESIAN_POINT('',(0.0294434914463087,0.0294423120399476,-7.9430987883733E-05));
#405=CARTESIAN_POINT('',(0.0294434945380453,0.029442358971595,6.3788121473509E-05));
#406=CARTESIAN_POINT('',(0.0294434130700953,0.0294411186942754,0.000206220242689887));
#407=CARTESIAN_POINT('',(0.0294433694683714,0.0294404548966802,0.000282450048755857));
#408=CARTESIAN_POINT('',(0.0294433016667902,0.0294394223746582,0.000358454416574058));
#409=CARTESIAN_POINT('',(0.0294432098104869,0.0294380204186791,0.000433982966550327));
#410=CARTESIAN_POINT('',(0.0294430713023243,0.0294359064391302,0.000547870857748963));
#411=CARTESIAN_POINT('',(0.0294428780753063,0.02943295329936,0.000660676361293137));
#412=CARTESIAN_POINT('',(0.0294426310780258,0.0294291509497801,0.000771544431921681));
#413=CARTESIAN_POINT('',(0.0294423470009632,0.0294247777830086,0.000899056264353976));
#414=CARTESIAN_POINT('',(0.0294419917774044,0.0294192833667798,0.00102400227210222));
#415=CARTESIAN_POINT('',(0.029441567750162,0.0294126193895173,0.00114511188116773));
#416=CARTESIAN_POINT('',(0.0294411539563884,0.0294061162406077,0.00126329863227895));
#417=CARTESIAN_POINT('',(0.0294406746449321,0.0293985000870012,0.00137782779185739));
#418=CARTESIAN_POINT('',(0.0294401328729526,0.0293896748586884,0.00148759987157945));
#419=CARTESIAN_POINT('',(0.0294240622936593,0.0292314666336553,-0.00180128456516098));
#420=CARTESIAN_POINT('',(0.029424786491075,0.0292319558601833,-0.00167633446701109));
#421=CARTESIAN_POINT('',(0.0294254303701079,0.0292311612763604,-0.00154056871466371));
#422=CARTESIAN_POINT('',(0.0294259850393418,0.0292298145844747,-0.00139578335422719));
#423=CARTESIAN_POINT('',(0.0294263325026348,0.0292289709717978,-0.00130508497935062));
#424=CARTESIAN_POINT('',(0.0294266449877384,0.0292279118181066,-0.00121086551609862));
#425=CARTESIAN_POINT('',(0.029426920703061,0.0292268059473473,-0.00111373608091507));
#426=CARTESIAN_POINT('',(0.0294272490507575,0.0292254889726026,-0.000998065228756198));
#427=CARTESIAN_POINT('',(0.0294275252245884,0.0292241087719589,-0.000878264515537064));
#428=CARTESIAN_POINT('',(0.0294277469035876,0.0292229012134499,-0.000755571897968181));
#429=CARTESIAN_POINT('',(0.0294280256466037,0.0292213828084497,-0.000601296073964153));
#430=CARTESIAN_POINT('',(0.029428218145223,0.0292201474564994,-0.000442446577068931));
#431=CARTESIAN_POINT('',(0.029428321775562,0.0292194771965493,-0.000281842702529926));
#432=CARTESIAN_POINT('',(0.029428438260008,0.0292187237988492,-0.000101317833493901));
#433=CARTESIAN_POINT('',(0.0294284423838322,0.0292186946064405,8.14001987861889E-05));
#434=CARTESIAN_POINT('',(0.0294283340752787,0.0292193975090722,0.00026207914141433));
#435=CARTESIAN_POINT('',(0.0294282761084384,0.0292197737032259,0.000358778682494842));
#436=CARTESIAN_POINT('',(0.0294281860041576,0.0292203520547996,0.000454892760869438));
#437=CARTESIAN_POINT('',(0.0294280642105968,0.0292210838482424,0.000549792816232354));
#438=CARTESIAN_POINT('',(0.0294278805606815,0.0292221873039822,0.000692890587648752));
#439=CARTESIAN_POINT('',(0.0294276247922678,0.0292236453435447,0.00083321177187542));
#440=CARTESIAN_POINT('',(0.029427299737523,0.0292251618677014,0.000968788596585351));
#441=CARTESIAN_POINT('',(0.0294269258848356,0.0292269060558437,0.00112471851631884));
#442=CARTESIAN_POINT('',(0.0294264603596783,0.0292287248784317,0.00127434810992742));
#443=CARTESIAN_POINT('',(0.0294259097021271,0.0292299927710864,0.00141525347048508));
#444=CARTESIAN_POINT('',(0.0294253723341391,0.0292312300644339,0.00155275822264274));
#445=CARTESIAN_POINT('',(0.0294247539379966,0.0292319338691776,0.00168195104372799));
#446=CARTESIAN_POINT('',(0.0294240622936593,0.0292314666336553,0.00180128456516098));
#447=CARTESIAN_POINT('',(0.0294153359795341,0.0291455596701525,-0.0019716151501684));
#448=CARTESIAN_POINT('',(0.0294161453878191,0.0291412969074497,-0.00184122883435463));
#449=CARTESIAN_POINT('',(0.0294168680527533,0.029135772741135,-0.00169698644567652));
#450=CARTESIAN_POINT('',(0.0294174921479122,0.0291300571219431,-0.00154097237152706));
#451=CARTESIAN_POINT('',(0.0294178831019182,0.0291264766676033,-0.00144323995617397));
#452=CARTESIAN_POINT('',(0.029418235409649,0.0291228236063514,-0.00134091471959753));
#453=CARTESIAN_POINT('',(0.029418546658748,0.0291193506823408,-0.00123475967167684));
#454=CARTESIAN_POINT('',(0.0294189173234024,0.0291152147983111,-0.00110834027233875));
#455=CARTESIAN_POINT('',(0.0294192297218482,0.0291113390556937,-0.000976484739188795));
#456=CARTESIAN_POINT('',(0.029419480704687,0.0291080812628977,-0.000840792107482289));
#457=CARTESIAN_POINT('',(0.029419796294859,0.0291039848577675,-0.000670169840367942));
#458=CARTESIAN_POINT('',(0.0294200146662922,0.0291008812361574,-0.000493478411279251));
#459=CARTESIAN_POINT('',(0.029420132236372,0.0290992024964262,-0.00031444393899399));
#460=CARTESIAN_POINT('',(0.0294202643896175,0.0290973155290601,-0.000113202376453846));
#461=CARTESIAN_POINT('',(0.0294202690738646,0.0290972450013383,9.09635453352765E-05));
#462=CARTESIAN_POINT('',(0.0294201461908809,0.0290990030494222,0.000292410487164648));
#463=CARTESIAN_POINT('',(0.0294200804237916,0.0290999439584205,0.000400225081071503));
#464=CARTESIAN_POINT('',(0.0294199782091594,0.0291013970133112,0.000507258719225353));
#465=CARTESIAN_POINT('',(0.0294198401596872,0.0291032874313051,0.000612677489439505));
#466=CARTESIAN_POINT('',(0.0294196319978295,0.0291061379523183,0.000771636206854516));
#467=CARTESIAN_POINT('',(0.0294193422694785,0.0291099912593952,0.000926898387831821));
#468=CARTESIAN_POINT('',(0.0294189748295813,0.0291143959285385,0.00107589204996992));
#469=CARTESIAN_POINT('',(0.029418552228788,0.0291194618364283,0.00124725297266226));
#470=CARTESIAN_POINT('',(0.0294180268099342,0.029125251742947,0.00141028573737131));
#471=CARTESIAN_POINT('',(0.0294174073922075,0.0291308266358182,0.00156194017814012));
#472=CARTESIAN_POINT('',(0.0294168029235013,0.0291362669842871,0.00170993459232702));
#473=CARTESIAN_POINT('',(0.0294161090044645,0.0291414885210146,0.00184708977209254));
#474=CARTESIAN_POINT('',(0.0294153359795341,0.0291455596701525,0.00197161515016839));
#475=CARTESIAN_POINT('',(0.029406403697432,0.0290474474384153,-0.00213578846483944));
#476=CARTESIAN_POINT('',(0.029407282424082,0.02903527846571,-0.00200312899612579));
#477=CARTESIAN_POINT('',(0.029408071439043,0.0290219405692355,-0.00185288325689381));
#478=CARTESIAN_POINT('',(0.0294087551810339,0.0290090228962225,-0.0016873160324433));
#479=CARTESIAN_POINT('',(0.0294091834998034,0.0290009308353544,-0.00158359920537452));
#480=CARTESIAN_POINT('',(0.0294095705437313,0.0289930090556748,-0.00147390880756471));
#481=CARTESIAN_POINT('',(0.0294099130827868,0.0289856434706375,-0.00135917734050951));
#482=CARTESIAN_POINT('',(0.0294103210104596,0.0289768718403247,-0.00122254433591484));
#483=CARTESIAN_POINT('',(0.0294106657707885,0.0289688963853305,-0.00107875440425841));
#484=CARTESIAN_POINT('',(0.0294109431007094,0.0289622713005977,-0.000929859365710767));
#485=CARTESIAN_POINT('',(0.029411291820159,0.0289539408042198,-0.000742636163392563));
#486=CARTESIAN_POINT('',(0.0294115337658094,0.0289477704806519,-0.000547337050735547));
#487=CARTESIAN_POINT('',(0.0294116640460098,0.0289444363098235,-0.000348894001072019));
#488=CARTESIAN_POINT('',(0.0294118104859147,0.0289406885748832,-0.000125836458690515));
#489=CARTESIAN_POINT('',(0.0294118156853046,0.028940550210767,0.000101136908819453));
#490=CARTESIAN_POINT('',(0.0294116795095652,0.028944040277047,0.000324469353890683));
#491=CARTESIAN_POINT('',(0.0294116066281806,0.0289459081638229,0.000443997089843976));
#492=CARTESIAN_POINT('',(0.0294114933787737,0.0289487970705797,0.000562478575269176));
#493=CARTESIAN_POINT('',(0.0294113405994194,0.0289525897806434,0.000678804471686974));
#494=CARTESIAN_POINT('',(0.0294111102266862,0.0289583087273359,0.000854209812302892));
#495=CARTESIAN_POINT('',(0.0294107898574077,0.0289660951209139,0.00102467536773727));
#496=CARTESIAN_POINT('',(0.0294103847322591,0.0289752461785139,0.00118684695923738));
#497=CARTESIAN_POINT('',(0.0294099187888205,0.0289857710132715,0.00137336411141118));
#498=CARTESIAN_POINT('',(0.0294093407142099,0.0289980907177146,0.00154885577242541));
#499=CARTESIAN_POINT('',(0.0294086623417136,0.0290107673147839,0.00170955084882962));
#500=CARTESIAN_POINT('',(0.0294080003410516,0.029023137975001,0.00186636771205234));
#501=CARTESIAN_POINT('',(0.0294072429248282,0.0290358254678315,0.00200909211335647));
#502=CARTESIAN_POINT('',(0.029406403697432,0.0290474474384153,0.00213578846483943));
#503=CARTESIAN_POINT('',(0.0293973565929173,0.0289381310817831,-0.00229212927441874));
#504=CARTESIAN_POINT('',(0.0293982781931022,0.0289138618005459,-0.00216034556005241));
#505=CARTESIAN_POINT('',(0.0293991110900881,0.0288884363376622,-0.0020068392540509));
#506=CARTESIAN_POINT('',(0.0293998358404051,0.0288642366434615,-0.00183371578827043));
#507=CARTESIAN_POINT('',(0.0294002898481566,0.0288490771485382,-0.00172526547981418));
#508=CARTESIAN_POINT('',(0.0294007014466655,0.028834411415044,-0.00160917096103836));
#509=CARTESIAN_POINT('',(0.0294010664953003,0.028820853288831,-0.00148650522171672));
#510=CARTESIAN_POINT('',(0.0294015012294937,0.0288047069989883,-0.00134042334065545));
#511=CARTESIAN_POINT('',(0.0294018698796512,0.0287901438713102,-0.00118500805484989));
#512=CARTESIAN_POINT('',(0.0294021668874735,0.0287780776511329,-0.00102282031982153));
#513=CARTESIAN_POINT('',(0.0294025403502573,0.0287629053767341,-0.000818882650541634));
#514=CARTESIAN_POINT('',(0.0294028003219987,0.0287517253912749,-0.00060422717895131));
#515=CARTESIAN_POINT('',(0.0294029403346072,0.0287456841645729,-0.000385339755137758));
#516=CARTESIAN_POINT('',(0.0294030977141094,0.0287388935957754,-0.00013930195791153));
#517=CARTESIAN_POINT('',(0.0294031033135916,0.0287386435111236,0.000111988847635988));
#518=CARTESIAN_POINT('',(0.0294029569539743,0.0287449666210146,0.000358395170879564));
#519=CARTESIAN_POINT('',(0.0294028786221685,0.0287483507554122,0.000490272068266714));
#520=CARTESIAN_POINT('',(0.0294027569333928,0.0287535860797256,0.000620744269297877));
#521=CARTESIAN_POINT('',(0.0294025929990997,0.0287604726372178,0.000748340400908054));
#522=CARTESIAN_POINT('',(0.0294023458060722,0.0287708567305261,0.000940739889032112));
#523=CARTESIAN_POINT('',(0.0294020024127706,0.0287850135359447,0.00112653720484318));
#524=CARTESIAN_POINT('',(0.0294015696996894,0.0288017678645919,0.00130143078492066));
#525=CARTESIAN_POINT('',(0.0294010720267564,0.0288210373903884,0.00150257977894475));
#526=CARTESIAN_POINT('',(0.0294004562052903,0.0288437185258261,0.00168922612149823));
#527=CARTESIAN_POINT('',(0.0293997374539708,0.0288675073873556,0.00185694393691281));
#528=CARTESIAN_POINT('',(0.0293990360489877,0.0288907221287663,0.00202061405244096));
#529=CARTESIAN_POINT('',(0.029398236766659,0.0289149527182959,0.00216626931163593));
#530=CARTESIAN_POINT('',(0.0293973565929173,0.0289381310817832,0.00229212927441873));
#531=CARTESIAN_POINT('',(0.0293894823239912,0.0288429861225595,-0.00242820259785077));
#532=CARTESIAN_POINT('',(0.0293904412397331,0.0288081851752722,-0.0022971811080429));
#533=CARTESIAN_POINT('',(0.0293913123300286,0.028772239136616,-0.00214083692396083));
#534=CARTESIAN_POINT('',(0.029392072772493,0.0287382199837456,-0.00196113678205088));
#535=CARTESIAN_POINT('',(0.0293925491389952,0.0287169092526695,-0.00184856662449363));
#536=CARTESIAN_POINT('',(0.0293929821089134,0.0286963738283947,-0.00172689819302125));
#537=CARTESIAN_POINT('',(0.0293933667490628,0.0286774259407974,-0.00159732675326723));
#538=CARTESIAN_POINT('',(0.0293938248146716,0.0286548610169838,-0.00144302091566531));
#539=CARTESIAN_POINT('',(0.0293942142576622,0.0286345642199061,-0.00127748734673584));
#540=CARTESIAN_POINT('',(0.0293945283924101,0.0286177622344148,-0.00110373013479117));
#541=CARTESIAN_POINT('',(0.0293949233908872,0.0285966351266236,-0.00088524480469902));
#542=CARTESIAN_POINT('',(0.0293951990518791,0.0285810949146524,-0.000653742266135676));
#543=CARTESIAN_POINT('',(0.0293953475352198,0.0285726975655123,-0.000417060806692095));
#544=CARTESIAN_POINT('',(0.0293955144361472,0.0285632586253988,-0.00015102183601377));
#545=CARTESIAN_POINT('',(0.0293955203838553,0.0285629113032783,0.000121433978337438));
#546=CARTESIAN_POINT('',(0.029395365160563,0.0285717001907269,0.000387922961353761));
#547=CARTESIAN_POINT('',(0.0293952820849101,0.0285764040116068,0.000530548117256557));
#548=CARTESIAN_POINT('',(0.0293951530508163,0.0285836815719553,0.000671456598662769));
#549=CARTESIAN_POINT('',(0.0293949794076725,0.0285932609011103,0.000808861930843254));
#550=CARTESIAN_POINT('',(0.0293947175748758,0.0286077053674334,0.00101605250349956));
#551=CARTESIAN_POINT('',(0.0293943541423065,0.0286274067463585,0.00121519402287549));
#552=CARTESIAN_POINT('',(0.0293938974176977,0.0286507786840813,0.00140116035658041));
#553=CARTESIAN_POINT('',(0.0293933721285729,0.0286776592691735,0.00161504437067929));
#554=CARTESIAN_POINT('',(0.0293927234536243,0.0287093586152417,0.00181139934012906));
#555=CARTESIAN_POINT('',(0.0293919695580537,0.0287428191853931,0.00198522949076379));
#556=CARTESIAN_POINT('',(0.0293912338569904,0.0287754722185177,0.00215486442648206));
#557=CARTESIAN_POINT('',(0.0293903981359348,0.0288097494972947,0.00230307059720668));
#558=CARTESIAN_POINT('',(0.0293894823239912,0.0288429861225595,0.00242820259785076));
#559=CARTESIAN_POINT('',(0.0293815211884793,0.0287393581252641,-0.00255834361433048));
#560=CARTESIAN_POINT('',(0.0293824974604878,0.0286908471434671,-0.00243045436035227));
#561=CARTESIAN_POINT('',(0.0293833897469749,0.0286411342249802,-0.00227334701465309));
#562=CARTESIAN_POINT('',(0.0293841717650689,0.0285941900755702,-0.00208858504518487));
#563=CARTESIAN_POINT('',(0.0293846616472644,0.0285647826959248,-0.00197284399015527));
#564=CARTESIAN_POINT('',(0.0293851082692811,0.0285364909818284,-0.00184633289402927));
#565=CARTESIAN_POINT('',(0.0293855058402489,0.0285103987329926,-0.00171034550911756));
#566=CARTESIAN_POINT('',(0.0293859793050903,0.0284793256329393,-0.00154839896154556));
#567=CARTESIAN_POINT('',(0.0293863831080155,0.0284513945952173,-0.00137298518639013));
#568=CARTESIAN_POINT('',(0.0293867093039976,0.028428271647998,-0.00118759241672786));
#569=CARTESIAN_POINT('',(0.0293871194684795,0.0283991964533665,-0.000954476334678523));
#570=CARTESIAN_POINT('',(0.0293874066011454,0.0283778091502766,-0.000705559794283332));
#571=CARTESIAN_POINT('',(0.029387561291628,0.0283662508584979,-0.00045029789403122));
#572=CARTESIAN_POINT('',(0.0293877351696195,0.0283532588985243,-0.000163373800542382));
#573=CARTESIAN_POINT('',(0.0293877413780543,0.0283527807318094,0.000131395039933104));
#574=CARTESIAN_POINT('',(0.0293875796544241,0.0283648780447915,0.000418869037413316));
#575=CARTESIAN_POINT('',(0.0293874930997842,0.0283713525381478,0.000572725392916402));
#576=CARTESIAN_POINT('',(0.0293873586932853,0.0283813691605057,0.000724481931492544));
#577=CARTESIAN_POINT('',(0.0293871780579359,0.0283945526857723,0.000871971111531249));
#578=CARTESIAN_POINT('',(0.0293869056817414,0.0284144318426162,0.00109436690351324));
#579=CARTESIAN_POINT('',(0.0293865279969357,0.0284415413700186,0.00130694689817569));
#580=CARTESIAN_POINT('',(0.0293860549251698,0.0284737124209638,0.00150363638598188));
#581=CARTESIAN_POINT('',(0.0293855108348163,0.0285107130617617,0.00172985333796948));
#582=CARTESIAN_POINT('',(0.0293848406161495,0.0285543529969271,0.00193492250511362));
#583=CARTESIAN_POINT('',(0.0293840656436049,0.0286005374196683,0.00211333473837503));
#584=CARTESIAN_POINT('',(0.0293833093742391,0.0286456072280663,0.00228744117278899));
#585=CARTESIAN_POINT('',(0.0293824535765156,0.0286930277392002,0.00243620305376565));
#586=CARTESIAN_POINT('',(0.0293815211884793,0.0287393581252641,0.00255834361433047));
#587=CARTESIAN_POINT('',(0.0293735347709438,0.0286280487198712,-0.00268154559843215));
#588=CARTESIAN_POINT('',(0.0293745071705654,0.0285625701517459,-0.00255867395462491));
#589=CARTESIAN_POINT('',(0.0293754015326456,0.0284956511626853,-0.00240264831549513));
#590=CARTESIAN_POINT('',(0.0293761886690544,0.0284323715877521,-0.0022143054249382));
#591=CARTESIAN_POINT('',(0.029376681757533,0.0283927311531666,-0.0020963211616013));
#592=CARTESIAN_POINT('',(0.0293771327609997,0.0283545633440802,-0.00196575093822008));
#593=CARTESIAN_POINT('',(0.0293775351053834,0.0283193175081561,-0.00182393276532618));
#594=CARTESIAN_POINT('',(0.0293780142548568,0.0282773434570489,-0.00165504236789668));
#595=CARTESIAN_POINT('',(0.0293784242823749,0.0282395444468697,-0.00147015955077914));
#596=CARTESIAN_POINT('',(0.0293787560365403,0.0282082093947016,-0.00127325252125673));
#597=CARTESIAN_POINT('',(0.0293791731899782,0.0281688081569643,-0.00102565820927867));
#598=CARTESIAN_POINT('',(0.0293794661954131,0.0281397505250824,-0.000759015768441252));
#599=CARTESIAN_POINT('',(0.0293796240828216,0.0281240414327776,-0.000484630457512427));
#600=CARTESIAN_POINT('',(0.0293798015542795,0.0281063838149951,-0.000176210922410831));
#601=CARTESIAN_POINT('',(0.0293798079044855,0.0281057327379188,0.000141754465321427));
#602=CARTESIAN_POINT('',(0.0293796428258375,0.0281221755518198,0.000450842752871972));
#603=CARTESIAN_POINT('',(0.0293795544755888,0.0281309757613803,0.000616267096875433));
#604=CARTESIAN_POINT('',(0.0293794173158076,0.0281445869645293,0.000779134512160386));
#605=CARTESIAN_POINT('',(0.0293792332432759,0.0281624802524334,0.000936833581909217));
#606=CARTESIAN_POINT('',(0.0293789556842274,0.0281894611600059,0.00117462464903978));
#607=CARTESIAN_POINT('',(0.0293785712407046,0.0282262146570219,0.00140051179627274));
#608=CARTESIAN_POINT('',(0.0293780914087937,0.0282697291807123,0.00160739792991612));
#609=CARTESIAN_POINT('',(0.029377539543447,0.0283197762016599,0.00184534227093461));
#610=CARTESIAN_POINT('',(0.029376861587834,0.0283786776923474,0.00205799634941929));
#611=CARTESIAN_POINT('',(0.0293760818758121,0.0284409272382685,0.00223951024376317));
#612=CARTESIAN_POINT('',(0.0293753209813514,0.0285016744543427,0.00241664348380562));
#613=CARTESIAN_POINT('',(0.0293744634606592,0.0285655134499637,0.00256419710365794));
#614=CARTESIAN_POINT('',(0.0293735347709438,0.0286280487198712,0.00268154559843215));
#615=CARTESIAN_POINT('',(0.0293665836851762,0.02853116908389,-0.0027887761000219));
#616=CARTESIAN_POINT('',(0.0293675527144139,0.028450922549112,-0.00267027160061851));
#617=CARTESIAN_POINT('',(0.0293684488830143,0.0283690280254328,-0.00251518743932983));
#618=CARTESIAN_POINT('',(0.0293692404742172,0.0282915306934942,-0.00232372784600795));
#619=CARTESIAN_POINT('',(0.0293697363533272,0.0282429837821014,-0.00220379117619225));
#620=CARTESIAN_POINT('',(0.0293701911702478,0.0281962201810945,-0.00206968803688628));
#621=CARTESIAN_POINT('',(0.0293705976692382,0.028153007397706,-0.00192279495935871));
#622=CARTESIAN_POINT('',(0.0293710817664074,0.0281015455574385,-0.00174786088894284));
#623=CARTESIAN_POINT('',(0.0293714972115835,0.0280551578248944,-0.0015547365639748));
#624=CARTESIAN_POINT('',(0.0293718338033884,0.0280166752568872,-0.001347807943735));
#625=CARTESIAN_POINT('',(0.0293722570397582,0.0279682866088436,-0.00108761230988124));
#626=CARTESIAN_POINT('',(0.0293725551566363,0.0279325530032773,-0.000805541893517223));
#627=CARTESIAN_POINT('',(0.0293727158265323,0.0279132312059851,-0.000514512265259235));
#628=CARTESIAN_POINT('',(0.0293728964256119,0.0278915127702641,-0.000187383883844524));
#629=CARTESIAN_POINT('',(0.0293729028992104,0.0278907111983325,0.00015077093034568));
#630=CARTESIAN_POINT('',(0.0293727349004775,0.0279109361773227,0.000478671505560646));
#631=CARTESIAN_POINT('',(0.0293726449873967,0.0279217606052182,0.000654164203725157));
#632=CARTESIAN_POINT('',(0.0293725054312591,0.0279385004000377,0.000826702119783898));
#633=CARTESIAN_POINT('',(0.0293723183671296,0.0279604928931101,0.000993287504171051));
#634=CARTESIAN_POINT('',(0.0293720362971146,0.027993654904813,0.00124447805580123));
#635=CARTESIAN_POINT('',(0.0293716459710517,0.0280388021603104,0.00148194726200241));
#636=CARTESIAN_POINT('',(0.0293711602553577,0.0280921896278588,0.00169770818330144));
#637=CARTESIAN_POINT('',(0.0293706016229414,0.0281535917409958,0.00194585961487361));
#638=CARTESIAN_POINT('',(0.0293699169333731,0.0282257763315101,0.00216511532281653));
#639=CARTESIAN_POINT('',(0.0293691330962835,0.0283020083731616,0.00234932878954197));
#640=CARTESIAN_POINT('',(0.0293683681763095,0.0283764006315701,0.00252909645051625));
#641=CARTESIAN_POINT('',(0.0293675091560083,0.0284545296756811,0.00267559844407083));
#642=CARTESIAN_POINT('',(0.0293665836851762,0.02853116908389,0.00278877610002189));
#643=CARTESIAN_POINT('',(0.0293596134936318,0.0284284729078633,-0.00289075107935048));
#644=CARTESIAN_POINT('',(0.0293605631827892,0.0283310005746892,-0.0027780296427018));
#645=CARTESIAN_POINT('',(0.0293614467490503,0.0282315325252061,-0.00262527636069387));
#646=CARTESIAN_POINT('',(0.029362230379082,0.0281372368223249,-0.00243181864072167));
#647=CARTESIAN_POINT('',(0.029362721271049,0.0280781668515531,-0.00231063027778288));
#648=CARTESIAN_POINT('',(0.0293631729009995,0.0280212017736565,-0.00217358751596733));
#649=CARTESIAN_POINT('',(0.0293635773911557,0.0279684987488304,-0.00202206367989287));
#650=CARTESIAN_POINT('',(0.0293640590960166,0.027905735037897,-0.00184161486735737));
#651=CARTESIAN_POINT('',(0.0293644738062788,0.0278490630383449,-0.00164056309078425));
#652=CARTESIAN_POINT('',(0.0293648103154992,0.0278019964491898,-0.00142370768659466));
#653=CARTESIAN_POINT('',(0.0293652334480257,0.027742814104165,-0.00115102994253811));
#654=CARTESIAN_POINT('',(0.0293655324362376,0.0276990178616369,-0.000853299359032716));
#655=CARTESIAN_POINT('',(0.0293656936088502,0.0276753304190523,-0.000545217748794097));
#656=CARTESIAN_POINT('',(0.0293658747730026,0.0276487048318262,-0.00019892229047857));
#657=CARTESIAN_POINT('',(0.02936588127985,0.0276477207423656,0.000160087516112108));
#658=CARTESIAN_POINT('',(0.0293657127431736,0.0276725167667636,0.0005072729935024));
#659=CARTESIAN_POINT('',(0.0293656225421848,0.0276857876224872,0.000693086989561456));
#660=CARTESIAN_POINT('',(0.0293654825731772,0.0277063067113054,0.000875492204460175));
#661=CARTESIAN_POINT('',(0.0293652952086391,0.0277332388357505,0.00105105705004557));
#662=CARTESIAN_POINT('',(0.0293650126856443,0.02777384921235,0.00131578753988837));
#663=CARTESIAN_POINT('',(0.0293646221480487,0.0278290889798967,0.00156473565954692));
#664=CARTESIAN_POINT('',(0.0293641377966977,0.0278942800496184,0.00178897011447365));
#665=CARTESIAN_POINT('',(0.0293635807334426,0.0279692577479883,0.00204686714542282));
#666=CARTESIAN_POINT('',(0.0293628997407413,0.0280572422451686,0.00227186810505805));
#667=CARTESIAN_POINT('',(0.0293621241027044,0.0281499847045733,0.00245766326090804));
#668=CARTESIAN_POINT('',(0.0293613671839074,0.0282404889184972,0.00263897443853917));
#669=CARTESIAN_POINT('',(0.029360520493731,0.0283353820105196,0.00278309653425251));
#670=CARTESIAN_POINT('',(0.0293596134936318,0.0284284729078633,0.00289075107935047));
#671=CARTESIAN_POINT('',(0.0293526650646757,0.0283205623308846,-0.00298687262592129));
#672=CARTESIAN_POINT('',(0.0293535819214552,0.028203771054994,-0.00288082621279089));
#673=CARTESIAN_POINT('',(0.0293544399847661,0.0280844707206255,-0.00273139281933232));
#674=CARTESIAN_POINT('',(0.0293552041104145,0.0279710707169646,-0.0025368480021732));
#675=CARTESIAN_POINT('',(0.0293556827841858,0.0279000331755168,-0.00241497864532805));
#676=CARTESIAN_POINT('',(0.0293561245271093,0.0278314072877175,-0.00227553285761076));
#677=CARTESIAN_POINT('',(0.0293565209938231,0.0277678074518556,-0.00211983433258234));
#678=CARTESIAN_POINT('',(0.0293569931436153,0.0276920667950977,-0.00193441390842479));
#679=CARTESIAN_POINT('',(0.0293574009307936,0.0276235116066684,-0.00172585991949396));
#680=CARTESIAN_POINT('',(0.0293577323368657,0.0275664880616729,-0.00149935215631435));
#681=CARTESIAN_POINT('',(0.0293581490526051,0.0274947856677869,-0.00121453736875614));
#682=CARTESIAN_POINT('',(0.0293584444513372,0.027441569781907,-0.000901246834193303));
#683=CARTESIAN_POINT('',(0.0293586037236337,0.0274127775387382,-0.000576075320742093));
#684=CARTESIAN_POINT('',(0.0293587827517582,0.0273804139613201,-0.000210570160617397));
#685=CARTESIAN_POINT('',(0.0293587891949528,0.0273792154296895,0.000169497255712798));
#686=CARTESIAN_POINT('',(0.0293586226330544,0.0274093573988444,0.000536021295026609));
#687=CARTESIAN_POINT('',(0.0293585334889687,0.0274254894092611,0.000732185307728226));
#688=CARTESIAN_POINT('',(0.0293583951944032,0.0274504255126583,0.000924442973803421));
#689=CARTESIAN_POINT('',(0.0293582103247216,0.0274831122470754,0.00110889624135876));
#690=CARTESIAN_POINT('',(0.0293579315636678,0.0275323998774365,0.00138702939330164));
#691=CARTESIAN_POINT('',(0.0293575466455841,0.0275993627407051,0.00164713879613124));
#692=CARTESIAN_POINT('',(0.0293570708761313,0.0276781674182939,0.00187934382751793));
#693=CARTESIAN_POINT('',(0.0293565236831082,0.0277688024296783,0.00214640799562562));
#694=CARTESIAN_POINT('',(0.0293558565252419,0.0278748931319209,0.00237633474807206));
#695=CARTESIAN_POINT('',(0.0293551005003121,0.0279863995493075,0.00256281295035657));
#696=CARTESIAN_POINT('',(0.0293543627212795,0.0280952148720606,0.00274479068978719));
#697=CARTESIAN_POINT('',(0.0293535407082307,0.0282090208880924,0.00288559305830536));
#698=CARTESIAN_POINT('',(0.0293526650646757,0.0283205623308846,0.00298687262592129));
#699=CARTESIAN_POINT('',(0.0293407157018649,0.0281349861893452,-0.00315217491816024));
#700=CARTESIAN_POINT('',(0.0293415760960976,0.0279849717119084,-0.00305760768662526));
#701=CARTESIAN_POINT('',(0.0293423903014361,0.0278315653704182,-0.0029138835769513));
#702=CARTESIAN_POINT('',(0.0293431208849769,0.0276853112895688,-0.00271746925536475));
#703=CARTESIAN_POINT('',(0.0293435785468541,0.0275936928592792,-0.00259442877864338));
#704=CARTESIAN_POINT('',(0.0293440032868445,0.0275050136257417,-0.0024508504555681));
#705=CARTESIAN_POINT('',(0.0293443859554718,0.0274226743094345,-0.00228797262810343));
#706=CARTESIAN_POINT('',(0.0293448416732068,0.0273246169196698,-0.00209400241644697));
#707=CARTESIAN_POINT('',(0.0293452375546085,0.0272356259555942,-0.00187254671147186));
#708=CARTESIAN_POINT('',(0.0293455601846867,0.0271614792193592,-0.0016294395788118));
#709=CARTESIAN_POINT('',(0.0293459658653393,0.0270682458280067,-0.00132375245634634));
#710=CARTESIAN_POINT('',(0.0293462550911659,0.0269988307787377,-0.000983703139089269));
#711=CARTESIAN_POINT('',(0.0293464110954476,0.0269612597001455,-0.000629141751297014));
#712=CARTESIAN_POINT('',(0.0293465864501992,0.0269190283775086,-0.000230601253565231));
#713=CARTESIAN_POINT('',(0.0293465927839286,0.0269174610650635,0.000185679387408105));
#714=CARTESIAN_POINT('',(0.0293464296180984,0.0269567965704651,0.000585460367840811));
#715=CARTESIAN_POINT('',(0.0293463422915917,0.0269778489701813,0.000799423526902042));
#716=CARTESIAN_POINT('',(0.0293462068766002,0.0270103811086073,0.00100862466529688));
#717=CARTESIAN_POINT('',(0.0293460262973771,0.0270529641696364,0.00120836354339882));
#718=CARTESIAN_POINT('',(0.0293457540058143,0.0271171742600316,0.0015095455417896));
#719=CARTESIAN_POINT('',(0.0293453787517261,0.0272042975833022,0.00178884924348688));
#720=CARTESIAN_POINT('',(0.0293449177407484,0.0273065138753141,0.00203476144674401));
#721=CARTESIAN_POINT('',(0.0293443875217755,0.0274240751048457,0.00231759053790622));
#722=CARTESIAN_POINT('',(0.0293437441559729,0.0275613034375918,0.00255598828225652));
#723=CARTESIAN_POINT('',(0.0293430218601253,0.027705078637333,0.0027436411341941));
#724=CARTESIAN_POINT('',(0.0293423169961576,0.0278453839680073,0.00292676517429616));
#725=CARTESIAN_POINT('',(0.0293415374208962,0.0279917149464768,0.00306185853651402));
#726=CARTESIAN_POINT('',(0.0293407157018649,0.0281349861893453,0.00315217491816023));
#727=CARTESIAN_POINT('',(0.0293288311105981,0.0279339638362671,-0.00330012906163949));
#728=CARTESIAN_POINT('',(0.0293295946558623,0.0277444381341663,-0.00321964557343861));
#729=CARTESIAN_POINT('',(0.0293303261802712,0.0275501031646167,-0.00308457585496029));
#730=CARTESIAN_POINT('',(0.0293309883746246,0.0273639735345287,-0.00288903391999389));
#731=CARTESIAN_POINT('',(0.0293314031952359,0.0272473757313084,-0.00276653993532444));
#732=CARTESIAN_POINT('',(0.0293317906585829,0.0271341784905618,-0.00262045498548493));
#733=CARTESIAN_POINT('',(0.0293321413027369,0.0270287785840373,-0.00245178122165199));
#734=CARTESIAN_POINT('',(0.0293325588827219,0.0269032584779839,-0.00225090866471259));
#735=CARTESIAN_POINT('',(0.0293329240642044,0.026788893390614,-0.00201784269675436));
#736=CARTESIAN_POINT('',(0.0293332226551507,0.02669336969522,-0.00175895782392825));
#737=CARTESIAN_POINT('',(0.0293335981085822,0.026573256544887,-0.00143343149749706));
#738=CARTESIAN_POINT('',(0.0293338675721325,0.0264834150594794,-0.00106689246947985));
#739=CARTESIAN_POINT('',(0.0293340129870456,0.0264347610852984,-0.000682773060658959));
#740=CARTESIAN_POINT('',(0.0293341764389437,0.0263800721661032,-0.000251008222042037));
#741=CARTESIAN_POINT('',(0.029334182367607,0.0263780362266818,0.000202179956913588));
#742=CARTESIAN_POINT('',(0.0293340302537381,0.0264289810625325,0.000635441710328709));
#743=CARTESIAN_POINT('',(0.0293339488422515,0.0264562467868915,0.000867323810774735));
#744=CARTESIAN_POINT('',(0.0293338226656272,0.0264983621232739,0.00109345053566539));
#745=CARTESIAN_POINT('',(0.0293336548850439,0.026553375014305,0.00130821784687824));
#746=CARTESIAN_POINT('',(0.0293334018922774,0.0266363277805138,0.00163206089934141));
#747=CARTESIAN_POINT('',(0.029333054038887,0.0267486689699851,0.00192960426074281));
#748=CARTESIAN_POINT('',(0.029332629690797,0.0268798788093427,0.00218769915716032));
#749=CARTESIAN_POINT('',(0.0293321416386263,0.0270307861621521,0.00248453983452614));
#750=CARTESIAN_POINT('',(0.0293315527783503,0.0272062239158652,0.00272891628319894));
#751=CARTESIAN_POINT('',(0.0293308986579139,0.0273891252991546,0.00291504166129061));
#752=CARTESIAN_POINT('',(0.0293302603240127,0.0275676125424998,0.00309667509158352));
#753=CARTESIAN_POINT('',(0.0293295603340761,0.0277529574203568,0.00322326335119642));
#754=CARTESIAN_POINT('',(0.0293288311105981,0.0279339638362671,0.00330012906163948));
#755=CARTESIAN_POINT('',(0.0293172166671856,0.0277209691167542,-0.00342817827712991));
#756=CARTESIAN_POINT('',(0.0293178702827107,0.0274896906053416,-0.0033613440795979));
#757=CARTESIAN_POINT('',(0.0293185029988965,0.0272520932122846,-0.00323481697950923));
#758=CARTESIAN_POINT('',(0.0293190801330146,0.0270237589304323,-0.0030407954006428));
#759=CARTESIAN_POINT('',(0.0293194416690597,0.0268807227268398,-0.00291925381770157));
#760=CARTESIAN_POINT('',(0.0293197812167097,0.0267415457215959,-0.00277135546841933));
#761=CARTESIAN_POINT('',(0.0293200896855113,0.0266116613894483,-0.00259786277975859));
#762=CARTESIAN_POINT('',(0.0293204570391264,0.0264569829302025,-0.00239125139462289));
#763=CARTESIAN_POINT('',(0.0293207801383151,0.0263155998349612,-0.00214813932649962));
#764=CARTESIAN_POINT('',(0.0293210450754877,0.0261972551446583,-0.00187532324756216));
#765=CARTESIAN_POINT('',(0.0293213782120808,0.0260484464797626,-0.0015322795810922));
#766=CARTESIAN_POINT('',(0.0293216186743807,0.0259366950236617,-0.00114200881545534));
#767=CARTESIAN_POINT('',(0.0293217484950115,0.0258761426267312,-0.000731233510620357));
#768=CARTESIAN_POINT('',(0.0293218944183428,0.0258080794274025,-0.000269506430116086));
#769=CARTESIAN_POINT('',(0.0293218997303174,0.0258055385526901,0.000217142587824632));
#770=CARTESIAN_POINT('',(0.0293217639110514,0.0258689487103337,0.000680609895404134));
#771=CARTESIAN_POINT('',(0.0293216912204517,0.0259028858867129,0.000928658037024031));
#772=CARTESIAN_POINT('',(0.0293215786111297,0.0259552852609775,0.00117000634302698));
#773=CARTESIAN_POINT('',(0.0293214292378625,0.0260236063001346,0.00139820845260974));
#774=CARTESIAN_POINT('',(0.0293212040010958,0.0261266261393417,0.00174230955127542));
#775=CARTESIAN_POINT('',(0.0293208949329332,0.0262659051986193,0.00205594468720644));
#776=CARTESIAN_POINT('',(0.0293205201691508,0.0264279648130552,0.00232454208586596));
#777=CARTESIAN_POINT('',(0.0293200891449944,0.0266143531779183,0.00263346192451251));
#778=CARTESIAN_POINT('',(0.0293195716480541,0.0268303023307107,0.00288252964307377));
#779=CARTESIAN_POINT('',(0.029319001969301,0.0270546091909152,0.00306655594122771));
#780=CARTESIAN_POINT('',(0.0293184460391686,0.0272735026318576,0.0032461409507547));
#781=CARTESIAN_POINT('',(0.0293178409023277,0.0275000867036365,0.00336434831411478));
#782=CARTESIAN_POINT('',(0.0293172166671856,0.0277209691167542,0.0034281782771299));
#783=CARTESIAN_POINT('',(0.0293001462365584,0.0274079182494598,-0.00361637974079679));
#784=CARTESIAN_POINT('',(0.0293006382818801,0.0271152731783648,-0.00356960670859138));
#785=CARTESIAN_POINT('',(0.0293011257738085,0.0268140904568489,-0.00345563519721385));
#786=CARTESIAN_POINT('',(0.0293015778898956,0.026523725515885,-0.00326384817513258));
#787=CARTESIAN_POINT('',(0.0293018611104797,0.0263418312401988,-0.00314370639303013));
#788=CARTESIAN_POINT('',(0.0293021302336115,0.0261644702469827,-0.00299314278392552));
#789=CARTESIAN_POINT('',(0.0293023767148171,0.02599859971436,-0.00281256743800351));
#790=CARTESIAN_POINT('',(0.0293026702477819,0.0258010655083775,-0.00259752135951854));
#791=CARTESIAN_POINT('',(0.0293029314961483,0.0256199724578095,-0.00233964394708635));
#792=CARTESIAN_POINT('',(0.0293031469703902,0.0254680864089925,-0.00204635235511461));
#793=CARTESIAN_POINT('',(0.0293034179114369,0.0252771022585174,-0.00167756242364632));
#794=CARTESIAN_POINT('',(0.0293036157488932,0.0251331484297773,-0.00125241172736505));
#795=CARTESIAN_POINT('',(0.0293037226496902,0.0250551082210846,-0.000802458684298778));
#796=CARTESIAN_POINT('',(0.0293038428102558,0.024967388055589,-0.000296694334559055));
#797=CARTESIAN_POINT('',(0.0293038472158468,0.0249641050477797,0.000239134046553846));
#798=CARTESIAN_POINT('',(0.029303735345717,0.0250458362220536,0.000746996233733613));
#799=CARTESIAN_POINT('',(0.0293036754727177,0.0250895788238715,0.00101880455692877));
#800=CARTESIAN_POINT('',(0.0293035828040579,0.0251570932535033,0.00128252491600276));
#801=CARTESIAN_POINT('',(0.029303460485106,0.0252449740607262,0.00153047293896424));
#802=CARTESIAN_POINT('',(0.0293032760429648,0.0253774876574337,0.00190434847968129));
#803=CARTESIAN_POINT('',(0.0293030239797327,0.0255563588884104,0.00224163464313226));
#804=CARTESIAN_POINT('',(0.0293027220929237,0.0257637602318156,0.00252566818707814));
#805=CARTESIAN_POINT('',(0.0293023748861943,0.0260022971270335,0.0028523414795369));
#806=CARTESIAN_POINT('',(0.0293019622761458,0.0262777882658718,0.00310830423338661));
#807=CARTESIAN_POINT('',(0.0293015167063015,0.0265629511909058,0.00328924539029137));
#808=CARTESIAN_POINT('',(0.0293010818898349,0.0268412319970879,0.00346581971533367));
#809=CARTESIAN_POINT('',(0.029300616164168,0.0271284277378006,0.00357170918251939));
#810=CARTESIAN_POINT('',(0.0293001462365584,0.0274079182494598,0.00361637974079678));
#811=CARTESIAN_POINT('',(0.0292836634123055,0.0270689576651059,-0.0037614171444257));
#812=CARTESIAN_POINT('',(0.0292839711464298,0.0267107696914299,-0.00373323024341316));
#813=CARTESIAN_POINT('',(0.0292842828901139,0.0263417306379701,-0.00363096262696907));
#814=CARTESIAN_POINT('',(0.0292845771184702,0.0259850724137696,-0.00344238544051023));
#815=CARTESIAN_POINT('',(0.0292847614329181,0.0257616498161822,-0.00332425440641227));
#816=CARTESIAN_POINT('',(0.0292849386690688,0.0255434231558352,-0.00317232929628506));
#817=CARTESIAN_POINT('',(0.0292851023938806,0.0253389226597888,-0.00298669116331463));
#818=CARTESIAN_POINT('',(0.0292852973727606,0.0250953842658931,-0.00276561584260167));
#819=CARTESIAN_POINT('',(0.029285473053284,0.0248714796032129,-0.00249639141162235));
#820=CARTESIAN_POINT('',(0.0292856188617173,0.0246832840609071,-0.00218678953912341));
#821=CARTESIAN_POINT('',(0.0292858022037688,0.0244466437239542,-0.00179749077820857));
#822=CARTESIAN_POINT('',(0.0292859377060125,0.0242675702598505,-0.00134385494783542));
#823=CARTESIAN_POINT('',(0.0292860109965516,0.0241704306105929,-0.000861524544082231));
#824=CARTESIAN_POINT('',(0.0292860933779077,0.0240612419468028,-0.00031936680835157));
#825=CARTESIAN_POINT('',(0.0292860964211119,0.0240571438008318,0.000257484838784218));
#826=CARTESIAN_POINT('',(0.0292860197020929,0.0241588887711326,0.000802061746215891));
#827=CARTESIAN_POINT('',(0.0292859786420013,0.0242133427755242,0.00109351982243493));
#828=CARTESIAN_POINT('',(0.0292859151528085,0.0242973541705193,0.00137563796435734));
#829=CARTESIAN_POINT('',(0.0292858317826195,0.024406505890191,0.00163965633787264));
#830=CARTESIAN_POINT('',(0.0292857060704879,0.0245710934425538,0.00203776401777381));
#831=CARTESIAN_POINT('',(0.0292855350219896,0.0247928635541667,0.00239385199621498));
#832=CARTESIAN_POINT('',(0.029285332789249,0.0250490967506414,0.00268967930043591));
#833=CARTESIAN_POINT('',(0.0292851001968789,0.0253437962455208,0.00302991685874157));
#834=CARTESIAN_POINT('',(0.0292848268323711,0.0256830586641625,0.00329024639231949));
#835=CARTESIAN_POINT('',(0.0292845373335905,0.0260332482516312,0.0034672981900443));
#836=CARTESIAN_POINT('',(0.0292842548215703,0.0263749863675019,0.00364007702165772));
#837=CARTESIAN_POINT('',(0.029283957313609,0.0267268704409533,0.00373449726036066));
#838=CARTESIAN_POINT('',(0.0292836634123055,0.0270689576651059,0.00376141714442569));
#839=CARTESIAN_POINT('',(0.0292683798201711,0.0267166651244255,-0.00385790860633359));
#840=CARTESIAN_POINT('',(0.0292685634590058,0.0263029476934551,-0.00384141980763359));
#841=CARTESIAN_POINT('',(0.0292687519134883,0.0258788735247572,-0.0037425061274371));
#842=CARTESIAN_POINT('',(0.0292689316316335,0.0254721768578002,-0.00355144663781687));
#843=CARTESIAN_POINT('',(0.029269044213069,0.0252174085120952,-0.00343176060629368));
#844=CARTESIAN_POINT('',(0.0292691532174312,0.0249697644203599,-0.00327600768890785));
#845=CARTESIAN_POINT('',(0.0292692544166208,0.0247386167784753,-0.00308489177128264));
#846=CARTESIAN_POINT('',(0.0292693749341187,0.0244633444610693,-0.00285729299022252));
#847=CARTESIAN_POINT('',(0.0292694842906768,0.0242116407847249,-0.00257921149428366));
#848=CARTESIAN_POINT('',(0.0292695753803533,0.0240007066429104,-0.00225932333850002));
#849=CARTESIAN_POINT('',(0.0292696899180914,0.0237354743967995,-0.00185709042668735));
#850=CARTESIAN_POINT('',(0.029269775151303,0.0235358556179092,-0.00138826142712649));
#851=CARTESIAN_POINT('',(0.0292698212787239,0.023427625865455,-0.000889963953051989));
#852=CARTESIAN_POINT('',(0.0292698731277011,0.0233059715034811,-0.000329858622427269));
#853=CARTESIAN_POINT('',(0.0292698750511129,0.0233014207039026,0.000265938280090742));
#854=CARTESIAN_POINT('',(0.0292698267582306,0.0234147671506085,0.000828533228542268));
#855=CARTESIAN_POINT('',(0.0292698009118343,0.0234754302761512,0.00112963457736654));
#856=CARTESIAN_POINT('',(0.0292697609688542,0.0235690632763721,0.00142113156002506));
#857=CARTESIAN_POINT('',(0.0292697086716406,0.023691001262967,0.00169395336202777));
#858=CARTESIAN_POINT('',(0.0292696298137866,0.0238748689547824,0.00210533554416768));
#859=CARTESIAN_POINT('',(0.0292695227869253,0.0241231368951139,0.00247340447600925));
#860=CARTESIAN_POINT('',(0.029269397175164,0.0244116540050137,0.00277869174656991));
#861=CARTESIAN_POINT('',(0.0292692527062852,0.0247434839463378,0.00312980942244134));
#862=CARTESIAN_POINT('',(0.0292690840045889,0.0251275475658485,0.00339769338758994));
#863=CARTESIAN_POINT('',(0.0292689073420025,0.0255271296744802,0.00357665871166453));
#864=CARTESIAN_POINT('',(0.0292687349429891,0.0259170682729594,0.00375130488860414));
#865=CARTESIAN_POINT('',(0.0292685552043376,0.0263215445231061,0.00384216098834684));
#866=CARTESIAN_POINT('',(0.0292683798201711,0.0267166651244256,0.00385790860633359));
#867=CARTESIAN_POINT('',(0.0292608313639458,0.026542670372508,-0.00390556504533853));
#868=CARTESIAN_POINT('',(0.0292609537130096,0.0261015273419849,-0.00389485385523008));
#869=CARTESIAN_POINT('',(0.0292610812758421,0.0256502717257204,-0.00379759666002252));
#870=CARTESIAN_POINT('',(0.0292612044382177,0.0252188614317961,-0.00360531117872527));
#871=CARTESIAN_POINT('',(0.0292612815912344,0.0249486116465554,-0.00348485714515835));
#872=CARTESIAN_POINT('',(0.029261356896407,0.0246864384970474,-0.00332721370129965));
#873=CARTESIAN_POINT('',(0.0292614272146415,0.0244421300214974,-0.00313339234523334));
#874=CARTESIAN_POINT('',(0.0292615109561983,0.0241511845475213,-0.00290257167402887));
#875=CARTESIAN_POINT('',(0.029261587555827,0.0238857511382774,-0.00262011573741244));
#876=CARTESIAN_POINT('',(0.0292616516203031,0.0236635865657168,-0.00229514726030035));
#877=CARTESIAN_POINT('',(0.0292617321760858,0.023384232981325,-0.00188652626439034));
#878=CARTESIAN_POINT('',(0.0292617925817838,0.0231744670192373,-0.00141019346784713));
#879=CARTESIAN_POINT('',(0.0292618252935362,0.0230607599445818,-0.000904009972586831));
#880=CARTESIAN_POINT('',(0.0292618620627911,0.0229329488639366,-0.000335040453935087));
#881=CARTESIAN_POINT('',(0.0292618634331454,0.022928174501997,0.00027011337394921));
#882=CARTESIAN_POINT('',(0.0292618291797276,0.0230472508344539,0.000841607303262593));
#883=CARTESIAN_POINT('',(0.0292618108472659,0.023110980600273,0.00114747139506571));
#884=CARTESIAN_POINT('',(0.0292617825335908,0.0232093656421099,0.00144360051970487));
#885=CARTESIAN_POINT('',(0.0292617455830964,0.0233376186739708,0.00172077027171734));
#886=CARTESIAN_POINT('',(0.0292616898662331,0.0235310086879861,0.00213870863503383));
#887=CARTESIAN_POINT('',(0.0292616144591978,0.0237923637153315,0.0025126948735848));
#888=CARTESIAN_POINT('',(0.0292615266899871,0.0240968256178643,0.00282265435347823));
#889=CARTESIAN_POINT('',(0.0292614257446668,0.0244469940196204,0.00317914564115828));
#890=CARTESIAN_POINT('',(0.0292613087351802,0.0248531846299999,0.00345076068572309));
#891=CARTESIAN_POINT('',(0.0292611878015786,0.02527716134957,0.00363067108669847));
#892=CARTESIAN_POINT('',(0.0292610697865872,0.0256909058197191,0.00380623953206349));
#893=CARTESIAN_POINT('',(0.0292609482133508,0.0261213569676575,0.0038953353292094));
#894=CARTESIAN_POINT('',(0.0292608313639458,0.026542670372508,0.00390556504533852));
#895=CARTESIAN_POINT('',(0.0292535744638661,0.0263654476671228,-0.00394143234101824));
#896=CARTESIAN_POINT('',(0.0292536493408756,0.0258992358549376,-0.00393494459298314));
#897=CARTESIAN_POINT('',(0.0292537282723133,0.0254238392972643,-0.00383742456696191));
#898=CARTESIAN_POINT('',(0.0292538051784841,0.024971621937295,-0.00364259082515317));
#899=CARTESIAN_POINT('',(0.0292538533550725,0.0246883379124701,-0.00352054047627883));
#900=CARTESIAN_POINT('',(0.0292539006523043,0.0244144034542628,-0.00336042713841915));
#901=CARTESIAN_POINT('',(0.0292539450075588,0.0241598476913192,-0.00316380186735995));
#902=CARTESIAN_POINT('',(0.0292539978299609,0.0238566987852641,-0.00292964203088599));
#903=CARTESIAN_POINT('',(0.0292540464337707,0.023581208820854,-0.00264339494177918));
#904=CARTESIAN_POINT('',(0.0292540872083538,0.0233511480639723,-0.00231477409186676));
#905=CARTESIAN_POINT('',(0.0292541384790213,0.0230618656805479,-0.00190156053908981));
#906=CARTESIAN_POINT('',(0.0292541771438516,0.022845555867528,-0.00142088796828582));
#907=CARTESIAN_POINT('',(0.0292541980925609,0.0227283536868445,-0.000910737116617775));
#908=CARTESIAN_POINT('',(0.0292542216397077,0.0225966139739679,-0.000337308138329815));
#909=CARTESIAN_POINT('',(0.0292542225203209,0.0225917061039253,0.000271920271643462));
#910=CARTESIAN_POINT('',(0.0292542005814531,0.0227144300474344,0.000847847867825635));
#911=CARTESIAN_POINT('',(0.0292541888397503,0.0227801120181405,0.00115608486233273));
#912=CARTESIAN_POINT('',(0.0292541707135394,0.0228815483440678,0.0014546950082531));
#913=CARTESIAN_POINT('',(0.0292541471154007,0.0230140234235494,0.00173448298438431));
#914=CARTESIAN_POINT('',(0.0292541115322701,0.0232137797732115,0.0021563693120621));
#915=CARTESIAN_POINT('',(0.0292540634766491,0.0234841883786794,0.00253465991031987));
#916=CARTESIAN_POINT('',(0.0292540078851521,0.0238005523025974,0.00284874232384826));
#917=CARTESIAN_POINT('',(0.0292539439481356,0.0241644094837097,0.00320997548914746));
#918=CARTESIAN_POINT('',(0.0292538702477319,0.0245881295106016,0.00348607849663723));
#919=CARTESIAN_POINT('',(0.0292537947942724,0.0250327469092085,0.00366828054276017));
#920=CARTESIAN_POINT('',(0.0292537211618059,0.0254666339164768,0.00384608532673433));
#921=CARTESIAN_POINT('',(0.0292536459751122,0.0259201923363509,0.00393523622088179));
#922=CARTESIAN_POINT('',(0.0292535744638661,0.0263654476671228,0.00394143234101823));
#923=CARTESIAN_POINT('',(0.0292466753631099,0.0261866147507084,-0.0039651830858532));
#924=CARTESIAN_POINT('',(0.0292467195069395,0.0256985134689043,-0.00396138409528943));
#925=CARTESIAN_POINT('',(0.0292467663767061,0.0252030121288623,-0.00386156005801106));
#926=CARTESIAN_POINT('',(0.0292468123136539,0.024735182538158,-0.00366263825999941));
#927=CARTESIAN_POINT('',(0.0292468410900889,0.0244421184917094,-0.00353802701648151));
#928=CARTESIAN_POINT('',(0.0292468694465105,0.0241601100342424,-0.00337469890260337));
#929=CARTESIAN_POINT('',(0.0292468961119402,0.0238992105469404,-0.00317503440043258));
#930=CARTESIAN_POINT('',(0.0292469278676378,0.0235885069382248,-0.00293725516215812));
#931=CARTESIAN_POINT('',(0.0292469571964348,0.0233079131833253,-0.00264768391030572));
#932=CARTESIAN_POINT('',(0.0292469818483341,0.0230744772137331,-0.0023168482789579));
#933=CARTESIAN_POINT('',(0.0292470128460595,0.0227809507793426,-0.00190084982161451));
#934=CARTESIAN_POINT('',(0.0292470363055755,0.0225630232198298,-0.00141922560538196));
#935=CARTESIAN_POINT('',(0.029247049019967,0.0224450397828077,-0.000909400525301295));
#936=CARTESIAN_POINT('',(0.0292470633114271,0.022312421908065,-0.00033633772667939));
#937=CARTESIAN_POINT('',(0.0292470638470455,0.0223075044560017,0.000271093246314786));
#938=CARTESIAN_POINT('',(0.029247050530611,0.022431024571912,0.000846556760132467));
#939=CARTESIAN_POINT('',(0.0292470434036426,0.0224971326548406,0.0011545453773189));
#940=CARTESIAN_POINT('',(0.0292470324045682,0.0225992932840537,0.00145330036104771));
#941=CARTESIAN_POINT('',(0.029247018106768,0.0227331374391037,0.00173386539413655));
#942=CARTESIAN_POINT('',(0.0292469965474198,0.0229349581886442,0.00215692342944377));
#943=CARTESIAN_POINT('',(0.0292469674700612,0.023208945865283,0.00253791329125535));
#944=CARTESIAN_POINT('',(0.0292469339624393,0.023531767875733,0.00285569668410811));
#945=CARTESIAN_POINT('',(0.0292468954245786,0.0239030526457176,0.00322118642799453));
#946=CARTESIAN_POINT('',(0.0292468511584992,0.0243381711505847,0.00350282207626858));
#947=CARTESIAN_POINT('',(0.0292468061126495,0.0247984384395692,0.0036888686523021));
#948=CARTESIAN_POINT('',(0.0292467621539358,0.0252475976429353,0.00387042518234486));
#949=CARTESIAN_POINT('',(0.0292467175226497,0.0257204538942058,0.00396155486203763));
#950=CARTESIAN_POINT('',(0.0292466753631099,0.0261866147507085,0.0039651830858532));
#951=CARTESIAN_POINT('',(0.0292399427651744,0.026012097785904,-0.00398836063047724));
#952=CARTESIAN_POINT('',(0.0292399569175382,0.0255026353146966,-0.00398718550694198));
#953=CARTESIAN_POINT('',(0.0292399724994098,0.0249875144008793,-0.00388511306338845));
#954=CARTESIAN_POINT('',(0.0292399882145454,0.0245044493648425,-0.00368220187027669));
#955=CARTESIAN_POINT('',(0.0292399980590301,0.024201841327703,-0.003555091536718));
#956=CARTESIAN_POINT('',(0.029240007931759,0.0239119537287844,-0.00338862623218997));
#957=CARTESIAN_POINT('',(0.0292400173342899,0.0236448636164968,-0.00318599584767733));
#958=CARTESIAN_POINT('',(0.0292400285317066,0.0233267876302304,-0.00294468455820504));
#959=CARTESIAN_POINT('',(0.0292400390506737,0.0230412132596644,-0.00265186936891369));
#960=CARTESIAN_POINT('',(0.0292400479689938,0.0228044835347074,-0.00231887240764092));
#961=CARTESIAN_POINT('',(0.0292400591830441,0.0225068154752296,-0.00190015625658683));
#962=CARTESIAN_POINT('',(0.0292400678042108,0.0222873092118996,-0.00141760336192589));
#963=CARTESIAN_POINT('',(0.0292400724830114,0.0221685633733708,-0.000908096191264737));
#964=CARTESIAN_POINT('',(0.0292400777421613,0.0220350885303105,-0.000335390734932913));
#965=CARTESIAN_POINT('',(0.029240077941111,0.0220301617274791,0.000270286180406168));
#966=CARTESIAN_POINT('',(0.0292400730390161,0.0221544588009746,0.000845296812017964));
#967=CARTESIAN_POINT('',(0.0292400704154103,0.0222209827123382,0.00115304304621923));
#968=CARTESIAN_POINT('',(0.029240066371466,0.0223238501645096,0.00145193937224242));
#969=CARTESIAN_POINT('',(0.0292400611495502,0.0224590303538736,0.00173326270880495));
#970=CARTESIAN_POINT('',(0.0292400532755346,0.0226628656810887,0.00215746417376272));
#971=CARTESIAN_POINT('',(0.0292400427184171,0.0229403460516347,0.00254108815513162));
#972=CARTESIAN_POINT('',(0.0292400307616984,0.0232694702892284,0.00286248320791502));
#973=CARTESIAN_POINT('',(0.0292400170100104,0.0236480033907384,0.00323212680216851));
#974=CARTESIAN_POINT('',(0.0292400014678878,0.0240942452828404,0.00351916156653588));
#975=CARTESIAN_POINT('',(0.0292399860957909,0.0245697847679226,0.003708959888638));
#976=CARTESIAN_POINT('',(0.0292399710946841,0.0250338475883763,0.00389417762015158));
#977=CARTESIAN_POINT('',(0.0292399562813816,0.0255255359373955,0.00398723832940139));
#978=CARTESIAN_POINT('',(0.0292399427651744,0.0260120977859041,0.00398836063047724));
#979=CARTESIAN_POINT('',(0.029233550950791,0.0258360493384803,-0.004));
#980=CARTESIAN_POINT('',(0.029233550950791,0.0253082439029144,-0.004));
#981=CARTESIAN_POINT('',(0.029233550950791,0.0247773358747538,-0.00389374944361663));
#982=CARTESIAN_POINT('',(0.029233550950791,0.0242839724324421,-0.00368539202798603));
#983=CARTESIAN_POINT('',(0.029233550950791,0.0239749131304087,-0.00355486999914138));
#984=CARTESIAN_POINT('',(0.029233550950791,0.0236806521129389,-0.00338456236215488));
#985=CARTESIAN_POINT('',(0.029233550950791,0.0234110842466894,-0.00317874391683375));
#986=CARTESIAN_POINT('',(0.029233550950791,0.0230900575183365,-0.00293363598518235));
#987=CARTESIAN_POINT('',(0.029233550950791,0.0228042154683854,-0.00263802059167923));
#988=CARTESIAN_POINT('',(0.029233550950791,0.0225684952910273,-0.00230422748621539));
#989=CARTESIAN_POINT('',(0.029233550950791,0.0222720966541991,-0.00188451024965563));
#990=CARTESIAN_POINT('',(0.029233550950791,0.0220557026027717,-0.00140424588920948));
#991=CARTESIAN_POINT('',(0.029233550950791,0.0219387787941327,-0.000899133714293244));
#992=CARTESIAN_POINT('',(0.029233550950791,0.0218073519820315,-0.000331368400492495));
#993=CARTESIAN_POINT('',(0.029233550950791,0.0218025338726514,0.000266977565777695));
#994=CARTESIAN_POINT('',(0.029233550950791,0.021924892418293,0.00083688401050341));
#995=CARTESIAN_POINT('',(0.029233550950791,0.0219903788277146,0.00114189847905288));
#996=CARTESIAN_POINT('',(0.029233550950791,0.0220917371542103,0.00143871762347515));
#997=CARTESIAN_POINT('',(0.029233550950791,0.0222255370288609,0.00171905089288597));
#998=CARTESIAN_POINT('',(0.029233550950791,0.0224272910089305,0.00214175945668137));
#999=CARTESIAN_POINT('',(0.029233550950791,0.0227030527786051,0.00252649360258374));
#1000=CARTESIAN_POINT('',(0.029233550950791,0.0230332994753592,0.00285109886490409));
#1001=CARTESIAN_POINT('',(0.029233550950791,0.0234131235421,0.00322443459250335));
#1002=CARTESIAN_POINT('',(0.029233550950791,0.0238646588260936,0.00351785797607299));
#1003=CARTESIAN_POINT('',(0.029233550950791,0.0243507276789331,0.00371287716975998));
#1004=CARTESIAN_POINT('',(0.029233550950791,0.0248250657514999,0.00390318977240184));
#1005=CARTESIAN_POINT('',(0.029233550950791,0.0253319690521088,0.004));
#1006=CARTESIAN_POINT('',(0.029233550950791,0.0258360493384803,0.004));
#1007=CARTESIAN_POINT('',(0.029227555491351,0.02566,-0.004));
#1008=CARTESIAN_POINT('',(0.029227555491351,0.0251169796096249,-0.00399999999999999));
#1009=CARTESIAN_POINT('',(0.029227555491351,0.0245742062452084,-0.00388792014661037));
#1010=CARTESIAN_POINT('',(0.029227555491351,0.0240756008653904,-0.00367282988746394));
#1011=CARTESIAN_POINT('',(0.029227555491351,0.0237632578390108,-0.00353809018106307));
#1012=CARTESIAN_POINT('',(0.029227555491351,0.0234682171233355,-0.00336330206436608));
#1013=CARTESIAN_POINT('',(0.029227555491351,0.02319998776791,-0.00315409889159609));
#1014=CARTESIAN_POINT('',(0.029227555491351,0.0228805550639367,-0.00290496010866261));
#1015=CARTESIAN_POINT('',(0.029227555491351,0.0225993034434361,-0.00260696067752601));
#1016=CARTESIAN_POINT('',(0.029227555491351,0.0223690368541786,-0.00227366698811525));
#1017=CARTESIAN_POINT('',(0.029227555491351,0.022079495653557,-0.00185457772595715));
#1018=CARTESIAN_POINT('',(0.029227555491351,0.0218710697341807,-0.00137966566865749));
#1019=CARTESIAN_POINT('',(0.029227555491351,0.0217586433482557,-0.000882845556080083));
#1020=CARTESIAN_POINT('',(0.029227555491351,0.0216322718104982,-0.000324400836020002));
#1021=CARTESIAN_POINT('',(0.029227555491351,0.0216276846934087,0.000261272920808279));
#1022=CARTESIAN_POINT('',(0.029227555491351,0.0217452935572013,0.00082162854545713));
#1023=CARTESIAN_POINT('',(0.029227555491351,0.0218082379324025,0.00112153140606302));
#1024=CARTESIAN_POINT('',(0.029227555491351,0.0219057933005789,0.0014141555000036));
#1025=CARTESIAN_POINT('',(0.029227555491351,0.0220354034358086,0.00169183325030922));
#1026=CARTESIAN_POINT('',(0.029227555491351,0.0222308397970776,0.00211053761342788));
#1027=CARTESIAN_POINT('',(0.029227555491351,0.0224994983938242,0.00249494254690585));
#1028=CARTESIAN_POINT('',(0.029227555491351,0.022825531917182,0.00282237323674352));
#1029=CARTESIAN_POINT('',(0.029227555491351,0.0232005103195482,0.00319895855133474));
#1030=CARTESIAN_POINT('',(0.029227555491351,0.0236513592936997,0.00349968395921693));
#1031=CARTESIAN_POINT('',(0.029227555491351,0.0241431003704813,0.00370121811218495));
#1032=CARTESIAN_POINT('',(0.029227555491351,0.0246229737736009,0.00389788844215323));
#1033=CARTESIAN_POINT('',(0.029227555491351,0.025141388679538,0.004));
#1034=CARTESIAN_POINT('',(0.029227555491351,0.02566,0.004));
#1035=EDGE_LOOP('',(#1578,#1579,#1580,#1581,#1582,#1583));
#1036=AXIS2_PLACEMENT_3D('',#1584,#1585,#1586);
#1037=EDGE_LOOP('',(#1587,#1588,#1589,#1590,#1591,#1592,#1593));
#1038=AXIS2_PLACEMENT_3D('',#1594,#1595,#1596);
#1039=EDGE_LOOP('',(#1597,#1598));
#1040=EDGE_LOOP('',(#1599,#1600));
#1041=AXIS2_PLACEMENT_3D('',#1601,#1602,#1603);
#1042=EDGE_LOOP('',(#1604,#1605,#1606,#1607,#1608));
#1043=AXIS2_PLACEMENT_3D('',#1609,#1610,#1611);
#1044=EDGE_LOOP('',(#1612,#1613));
#1045=CARTESIAN_POINT('',(-0.0294321253055229,0.00966,-0.002));
#1046=CARTESIAN_POINT('',(-0.0294321253055229,0.00982620781572,-0.002));
#1047=CARTESIAN_POINT('',(-0.0294335232257747,0.00997964276806698,-0.00197960338247049));
#1048=CARTESIAN_POINT('',(-0.0294379371261942,0.0102616845209266,-0.00191284520762749));
#1049=CARTESIAN_POINT('',(-0.0294409571032296,0.0103902666609825,-0.00186626962213935));
#1050=CARTESIAN_POINT('',(-0.0294475938343051,0.0106213099771338,-0.00175844670846907));
#1051=CARTESIAN_POINT('',(-0.029451197691499,0.0107238946549367,-0.00169747615469843));
#1052=CARTESIAN_POINT('',(-0.0294585899408596,0.0109119375690348,-0.00156395315013329));
#1053=CARTESIAN_POINT('',(-0.0294623877559123,0.0109972175003374,-0.00149116968043835));
#1054=CARTESIAN_POINT('',(-0.0294697413312562,0.0111504739161174,-0.00133799296128226));
#1055=CARTESIAN_POINT('',(-0.0294732992829669,0.0112185577933706,-0.00125768640684823));
#1056=CARTESIAN_POINT('',(-0.0294800230214558,0.0113409191287813,-0.00108875542512744));
#1057=CARTESIAN_POINT('',(-0.0294831891499269,0.0113951282729735,-0.0010000983052909));
#1058=CARTESIAN_POINT('',(-0.0294889058111736,0.0114896976836555,-0.000814293024864881));
#1059=CARTESIAN_POINT('',(-0.0294914522031045,0.0115299729891211,-0.000717097898806721));
#1060=CARTESIAN_POINT('',(-0.0294956329866773,0.0115947897086797,-0.000517317271799787));
#1061=CARTESIAN_POINT('',(-0.0294972650389165,0.0116193131767947,-0.000414716926293779));
#1062=CARTESIAN_POINT('',(-0.0294994435915666,0.0116518422529653,-0.000208477080318846));
#1063=CARTESIAN_POINT('',(-0.0295,0.01166,-0.0001048597618074));
#1064=CARTESIAN_POINT('',(-0.0295,0.01166,0.0));
#1065=CARTESIAN_POINT('',(-0.0294321253055229,0.00950927842141003,-0.002));
#1066=CARTESIAN_POINT('',(-0.0294323647224346,0.00967315385992709,-0.00198942376449934));
#1067=CARTESIAN_POINT('',(-0.0294339222539609,0.00982513147427377,-0.0019590036524885));
#1068=CARTESIAN_POINT('',(-0.029438531234827,0.0101060115410245,-0.00187330466156657));
#1069=CARTESIAN_POINT('',(-0.0294415866810346,0.0102348893329717,-0.00181781175448082));
#1070=CARTESIAN_POINT('',(-0.029448205677524,0.0104682798542841,-0.00169326106134411));
#1071=CARTESIAN_POINT('',(-0.0294517563309597,0.0105729160853566,-0.00162448004970466));
#1072=CARTESIAN_POINT('',(-0.0294589889690458,0.0107668209188587,-0.00147644368397575));
#1073=CARTESIAN_POINT('',(-0.0294626803765822,0.0108559112162958,-0.00139695731098586));
#1074=CARTESIAN_POINT('',(-0.0294698034023074,0.0110185500886958,-0.0012314830306588));
#1075=CARTESIAN_POINT('',(-0.0294732372119158,0.0110922060564347,-0.00114558181834874));
#1076=CARTESIAN_POINT('',(-0.0294797304007859,0.0112274762086545,-0.000966570457139914));
#1077=CARTESIAN_POINT('',(-0.0294827901217407,0.0112890220791703,-0.000873427615691361));
#1078=CARTESIAN_POINT('',(-0.0294883471717129,0.0114000324898235,-0.000679760519150386));
#1079=CARTESIAN_POINT('',(-0.0294908403598856,0.011449412068937,-0.000579189298589284));
#1080=CARTESIAN_POINT('',(-0.0294950034088724,0.0115342077946022,-0.000373766800530608));
#1081=CARTESIAN_POINT('',(-0.0294966709302837,0.0115696059951758,-0.0002689006784758));
#1082=CARTESIAN_POINT('',(-0.0294990445633804,0.0116256579065612,-5.92402882024799E-05));
#1083=CARTESIAN_POINT('',(-0.0294997605830883,0.011646463756352,4.55317980585535E-05));
#1084=CARTESIAN_POINT('',(-0.0295,0.01166,0.0001509904777934));
#1085=CARTESIAN_POINT('',(-0.0294332692156148,0.00936257616278499,-0.0019833701254156));
#1086=CARTESIAN_POINT('',(-0.0294336454421903,0.00952332191036773,-0.00196301629459654));
#1087=CARTESIAN_POINT('',(-0.0294352603021398,0.00967310688838782,-0.00192356456043431));
#1088=CARTESIAN_POINT('',(-0.0294398675732432,0.00995145626218466,-0.00182096696859971));
#1089=CARTESIAN_POINT('',(-0.0294428637005372,0.0100799995552402,-0.00175761190252387));
#1090=CARTESIAN_POINT('',(-0.029449289145181,0.010314590519455,-0.00161836549443997));
#1091=CARTESIAN_POINT('',(-0.029452705870445,0.0104207589189617,-0.00154274500687672));
#1092=CARTESIAN_POINT('',(-0.029459627795517,0.0106193741000321,-0.00138206807716657));
#1093=CARTESIAN_POINT('',(-0.0294631423169696,0.0107116443425236,-0.00129678430077975));
#1094=CARTESIAN_POINT('',(-0.0294698996842558,0.0108822891530239,-0.00112067084386319));
#1095=CARTESIAN_POINT('',(-0.0294731446677137,0.0109607675699637,-0.00102992545892148));
#1096=CARTESIAN_POINT('',(-0.0294792720635875,0.0111073194078235,-0.000842181356012733));
#1097=CARTESIAN_POINT('',(-0.0294821547637689,0.0111753280601283,-0.000745152335500067));
#1098=CARTESIAN_POINT('',(-0.0294874006984036,0.0113009096025317,-0.000544770378497411));
#1099=CARTESIAN_POINT('',(-0.0294897596841009,0.0113583956486785,-0.000441366761679919));
#1100=CARTESIAN_POINT('',(-0.0294937284715598,0.0114612583037854,-0.000231322802158059));
#1101=CARTESIAN_POINT('',(-0.0294953362372788,0.0115066198143309,-0.000124673469230503));
#1102=CARTESIAN_POINT('',(-0.0294977073890179,0.0115844494125739,8.7340195998895E-05));
#1103=CARTESIAN_POINT('',(-0.0294984804114024,0.0116170660506923,0.000192687033931121));
#1104=CARTESIAN_POINT('',(-0.029498856637978,0.011643341224257,0.000297945991411153));
#1105=CARTESIAN_POINT('',(-0.0294376423083811,0.00907185979879363,-0.00191737035990957));
#1106=CARTESIAN_POINT('',(-0.0294381455725017,0.00922475140424053,-0.0018790588341622));
#1107=CARTESIAN_POINT('',(-0.0294397175512276,0.00936871917481941,-0.00182332904792262));
#1108=CARTESIAN_POINT('',(-0.0294439996705186,0.00963940389349566,-0.00169045073559536));
#1109=CARTESIAN_POINT('',(-0.0294467125647292,0.00976611193682242,-0.00161310952603401));
#1110=CARTESIAN_POINT('',(-0.0294524286821898,0.0100010159620102,-0.00144773807004184));
#1111=CARTESIAN_POINT('',(-0.0294554203582462,0.0101093231635561,-0.0013599583810271));
#1112=CARTESIAN_POINT('',(-0.0294614136399757,0.0103153963121833,-0.00117688211495898));
#1113=CARTESIAN_POINT('',(-0.0294644242201788,0.0104129917747768,-0.00108137083678748));
#1114=CARTESIAN_POINT('',(-0.0294701557494461,0.0105974303655299,-0.000886475981773243));
#1115=CARTESIAN_POINT('',(-0.0294728786516931,0.010684365192296,-0.000787168473870341));
#1116=CARTESIAN_POINT('',(-0.0294779797482081,0.0108509042874179,-0.000584011918652572));
#1117=CARTESIAN_POINT('',(-0.0294803580453475,0.0109304559426446,-0.000480140763092085));
#1118=CARTESIAN_POINT('',(-0.0294846739572449,0.0110821908832748,-0.000268173960300259));
#1119=CARTESIAN_POINT('',(-0.0294866069532653,0.0111542808689748,-0.0001600148960826));
#1120=CARTESIAN_POINT('',(-0.0294898639803444,0.0112900962518385,5.7450825709062E-05));
#1121=CARTESIAN_POINT('',(-0.0294911870154528,0.011353816313663,0.000166746401503809));
#1122=CARTESIAN_POINT('',(-0.0294932303699112,0.011472060671391,0.000381342915061191));
#1123=CARTESIAN_POINT('',(-0.029493959394227,0.0115267212140877,0.000486642430184026));
#1124=CARTESIAN_POINT('',(-0.0294944626583476,0.0115768794872184,0.000589904447445937));
#1125=CARTESIAN_POINT('',(-0.0294409194972195,0.00892795852253156,-0.00186721043288838));
#1126=CARTESIAN_POINT('',(-0.0294414129892212,0.00907612567677696,-0.00182071880753111));
#1127=CARTESIAN_POINT('',(-0.0294428834816545,0.00921645615416306,-0.00175775393542162));
#1128=CARTESIAN_POINT('',(-0.0294468376197102,0.0094819616766173,-0.00161153383793596));
#1129=CARTESIAN_POINT('',(-0.0294493233372114,0.00960713645712971,-0.00152809763424472));
#1130=CARTESIAN_POINT('',(-0.0294545157357595,0.00984107394079131,-0.00135136743052924));
#1131=CARTESIAN_POINT('',(-0.0294572116097449,0.00994994112832259,-0.00125830961085908));
#1132=CARTESIAN_POINT('',(-0.0294625767479782,0.0101586601203137,-0.00106556532486283));
#1133=CARTESIAN_POINT('',(-0.0294652547408834,0.0102583457289497,-0.000965673105879877));
#1134=CARTESIAN_POINT('',(-0.0294703147426067,0.0104484590767172,-0.000762736865411454));
#1135=CARTESIAN_POINT('',(-0.0294726985739616,0.0105389699079751,-0.000659763085656658));
#1136=CARTESIAN_POINT('',(-0.0294771278161501,0.0107141014895808,-0.000450027655883769));
#1137=CARTESIAN_POINT('',(-0.0294791731988885,0.0107986782369353,-0.000343249701915887));
#1138=CARTESIAN_POINT('',(-0.0294828599902185,0.0109618936674178,-0.000126503666245149));
#1139=CARTESIAN_POINT('',(-0.0294844965180021,0.0110404344780179,-1.64631457559777E-05));
#1140=CARTESIAN_POINT('',(-0.0294872281026545,0.0111910564996001,0.00020373229160452));
#1141=CARTESIAN_POINT('',(-0.029488322900305,0.0112631392907543,0.000313861909028191));
#1142=CARTESIAN_POINT('',(-0.0294900363996548,0.0113999754870543,0.000528647661535889));
#1143=CARTESIAN_POINT('',(-0.0294906631465792,0.0114648564239236,0.000633313758122068));
#1144=CARTESIAN_POINT('',(-0.029491156638581,0.0115261588667037,0.00073477855742067));
#1145=CARTESIAN_POINT('',(-0.0294488534926796,0.00865844325358847,-0.00173759707905455));
#1146=CARTESIAN_POINT('',(-0.029449239491374,0.00879556661235936,-0.00167634296552993));
#1147=CARTESIAN_POINT('',(-0.0294504098859227,0.00892702129355266,-0.00160075561057169));
#1148=CARTESIAN_POINT('',(-0.0294535057689537,0.00917896056768569,-0.00143172864968023));
#1149=CARTESIAN_POINT('',(-0.0294554317251574,0.00929946522598726,-0.00133813560698157));
#1150=CARTESIAN_POINT('',(-0.0294593671587166,0.00952829367195257,-0.00114278084826498));
#1151=CARTESIAN_POINT('',(-0.0294613675704978,0.00963670609622722,-0.00104122148421992));
#1152=CARTESIAN_POINT('',(-0.0294652712716903,0.00984743096839003,-0.000833247540012266));
#1153=CARTESIAN_POINT('',(-0.029467182711235,0.00994958731142834,-0.000726648262395789));
#1154=CARTESIAN_POINT('',(-0.0294706998122303,0.0101475186905159,-0.000511626828464088));
#1155=CARTESIAN_POINT('',(-0.0294723069888156,0.0102433565681506,-0.000403261202799178));
#1156=CARTESIAN_POINT('',(-0.0294751925613764,0.0104319268291731,-0.000184099246966842));
#1157=CARTESIAN_POINT('',(-0.0294764706211001,0.0105246354687109,-7.33002700162933E-05));
#1158=CARTESIAN_POINT('',(-0.029478693676398,0.0107069103897255,0.000149519999649614));
#1159=CARTESIAN_POINT('',(-0.0294796331745283,0.0107963680390882,0.000261634958915982));
#1160=CARTESIAN_POINT('',(-0.0294811037388642,0.0109727713996863,0.000484064019766382));
#1161=CARTESIAN_POINT('',(-0.0294816362793387,0.0110597349628861,0.000594319368565348));
#1162=CARTESIAN_POINT('',(-0.0294824871145501,0.0112302245734427,0.000806442559911812));
#1163=CARTESIAN_POINT('',(-0.0294828119021811,0.0113138576464764,0.000908347150177819));
#1164=CARTESIAN_POINT('',(-0.0294831979008756,0.011395853535484,0.00100461980249734));
#1165=CARTESIAN_POINT('',(-0.0294534780499352,0.00853256814978118,-0.00165872037382991));
#1166=CARTESIAN_POINT('',(-0.0294537663274412,0.00866337216427912,-0.00159088387174786));
#1167=CARTESIAN_POINT('',(-0.0294547390003444,0.00878960061126377,-0.00150989778737976));
#1168=CARTESIAN_POINT('',(-0.0294573077738402,0.00903319645566705,-0.00133136545515284));
#1169=CARTESIAN_POINT('',(-0.0294589034197637,0.00915059560815015,-0.00123368160691963));
#1170=CARTESIAN_POINT('',(-0.0294621111446912,0.00937535789709187,-0.00103099052802116));
#1171=CARTESIAN_POINT('',(-0.0294637151594763,0.00948280055769304,-0.000926166198009576));
#1172=CARTESIAN_POINT('',(-0.0294667926866961,0.00969298361699486,-0.000712539956070554));
#1173=CARTESIAN_POINT('',(-0.0294682740166129,0.00979557371315568,-0.000603565453430949));
#1174=CARTESIAN_POINT('',(-0.0294709276550599,0.00999575742247266,-0.000384399478770053));
#1175=CARTESIAN_POINT('',(-0.0294721013019683,0.0100934022331531,-0.000274256653527868));
#1176=CARTESIAN_POINT('',(-0.0294741229698632,0.0102869277430321,-5.21463134710984E-05));
#1177=CARTESIAN_POINT('',(-0.029474970477408,0.0103827963473881,5.98159952557759E-05));
#1178=CARTESIAN_POINT('',(-0.0294763660368132,0.010572748419414,0.000284021925486037));
#1179=CARTESIAN_POINT('',(-0.0294769082366641,0.0106667170682073,0.000396371419505134));
#1180=CARTESIAN_POINT('',(-0.0294776487605551,0.0108541714682497,0.000618374901180677));
#1181=CARTESIAN_POINT('',(-0.0294778495556191,0.0109476844277434,0.000727950900383047));
#1182=CARTESIAN_POINT('',(-0.0294781707460549,0.0111332792363539,0.000937262584706004));
#1183=CARTESIAN_POINT('',(-0.0294782967417303,0.0112254563201709,0.00103705041961951));
#1184=CARTESIAN_POINT('',(-0.0294785850192363,0.0113170014857565,0.00112992814292325));
#1185=CARTESIAN_POINT('',(-0.0294633902527104,0.00829797998458781,-0.00147219473340411));
#1186=CARTESIAN_POINT('',(-0.0294634537714829,0.00841455028466401,-0.00139279138060363));
#1187=CARTESIAN_POINT('',(-0.0294639933441238,0.00852870917799375,-0.00130269197872609));
#1188=CARTESIAN_POINT('',(-0.0294654216877104,0.00875235114115658,-0.00110858212344148));
#1189=CARTESIAN_POINT('',(-0.029466308078998,0.00886189036195514,-0.0010044671195196));
#1190=CARTESIAN_POINT('',(-0.0294679576792965,0.00907521073872464,-0.000790616401629185));
#1191=CARTESIAN_POINT('',(-0.029468714913873,0.00917905240151273,-0.000681022994256881));
#1192=CARTESIAN_POINT('',(-0.0294700294548264,0.00938477014627095,-0.000459614774569235));
#1193=CARTESIAN_POINT('',(-0.0294705938844565,0.00948650803487006,-0.000347652637785296));
#1194=CARTESIAN_POINT('',(-0.0294714070326249,0.00968771508707728,-0.000123686499284783));
#1195=CARTESIAN_POINT('',(-0.0294716567206587,0.00978721114756023,-1.17146910508819E-05));
#1196=CARTESIAN_POINT('',(-0.0294718369755953,0.00998709423396987,0.000212892284634083));
#1197=CARTESIAN_POINT('',(-0.0294717666592683,0.0100874934760257,0.000325505857397437));
#1198=CARTESIAN_POINT('',(-0.0294713964736176,0.0102892129337136,0.000549167874336364));
#1199=CARTESIAN_POINT('',(-0.0294710900123211,0.0103904054189655,0.000660347664345282));
#1200=CARTESIAN_POINT('',(-0.02947026754519,0.0105964336385123,0.000878276030565195));
#1201=CARTESIAN_POINT('',(-0.0294697560905637,0.0107013161072022,0.000984906474317225));
#1202=CARTESIAN_POINT('',(-0.0294689315601539,0.010913746821136,0.00118544048092964));
#1203=CARTESIAN_POINT('',(-0.0294686222218765,0.0110213656938244,0.00127942833704257));
#1204=CARTESIAN_POINT('',(-0.029468685740649,0.0111304143866901,0.00136391827591832));
#1205=CARTESIAN_POINT('',(-0.0294686811325938,0.00818967807226717,-0.0013640160967947));
#1206=CARTESIAN_POINT('',(-0.0294686176138213,0.0082983340021946,-0.00127962828183321));
#1207=CARTESIAN_POINT('',(-0.0294689217011115,0.00840563734429145,-0.00118582673653697));
#1208=CARTESIAN_POINT('',(-0.0294697363448258,0.00861762536514643,-0.000985688977284313));
#1209=CARTESIAN_POINT('',(-0.0294702435189933,0.00872237890106858,-0.000879265426281627));
#1210=CARTESIAN_POINT('',(-0.0294710620391724,0.00892824741379455,-0.000661668823150978));
#1211=CARTESIAN_POINT('',(-0.029471368499179,0.00902941299255858,-0.000550616934880988));
#1212=CARTESIAN_POINT('',(-0.0294717453739675,0.00923110938134084,-0.000327178592623005));
#1213=CARTESIAN_POINT('',(-0.0294718225504252,0.0093315083048468,-0.000214657973668275));
#1214=CARTESIAN_POINT('',(-0.0294716577221178,0.00953137764272222,9.85316855719346E-06));
#1215=CARTESIAN_POINT('',(-0.0294714164947217,0.00963086229737833,0.000121820067770485));
#1216=CARTESIAN_POINT('',(-0.0294706182926201,0.0098320389844693,0.000345864675473744));
#1217=CARTESIAN_POINT('',(-0.0294700602420868,0.00993375589499781,0.000457912253546838));
#1218=CARTESIAN_POINT('',(-0.0294687509534017,0.0101394677330432,0.000679545139183157));
#1219=CARTESIAN_POINT('',(-0.0294679927378796,0.0102433282054384,0.000789275059932663));
#1220=CARTESIAN_POINT('',(-0.0294663366560493,0.0104568030961505,0.00100347645630198));
#1221=CARTESIAN_POINT('',(-0.0294654444243789,0.0105664744187324,0.00110780889112694));
#1222=CARTESIAN_POINT('',(-0.0294640034384006,0.0107905923491387,0.00130233247929813));
#1223=CARTESIAN_POINT('',(-0.0294634574513921,0.0109050967681283,0.00139262466728213));
#1224=CARTESIAN_POINT('',(-0.0294633939326196,0.0110220997116962,0.00147212175074566));
#1225=CARTESIAN_POINT('',(-0.0294785796379614,0.00800309434537924,-0.00113006642953975));
#1226=CARTESIAN_POINT('',(-0.0294782913604554,0.00809432637632906,-0.00103730783199669));
#1227=CARTESIAN_POINT('',(-0.0294781623481582,0.00818624809450044,-0.000937694885360504));
#1228=CARTESIAN_POINT('',(-0.0294778365643626,0.00837146849357318,-0.000728748087884377));
#1229=CARTESIAN_POINT('',(-0.0294776344856188,0.00846486042753958,-0.00061935994985773));
#1230=CARTESIAN_POINT('',(-0.0294768948853678,0.00865214825897903,-0.000397654453989717));
#1231=CARTESIAN_POINT('',(-0.0294763545676402,0.00874607574108685,-0.000285417665948879));
#1232=CARTESIAN_POINT('',(-0.0294749684615609,0.00893595136049619,-6.14362664771009E-05));
#1233=CARTESIAN_POINT('',(-0.0294741287406561,0.00903177972045421,5.04172436770019E-05));
#1234=CARTESIAN_POINT('',(-0.0294721234280686,0.00922520860353299,0.000272395542067131));
#1235=CARTESIAN_POINT('',(-0.0294709582448722,0.00932279906629108,0.000382513159542144));
#1236=CARTESIAN_POINT('',(-0.0294683186358107,0.00952286953222575,0.000601721395198643));
#1237=CARTESIAN_POINT('',(-0.0294668427643298,0.00962539872446788,0.000710765494363255));
#1238=CARTESIAN_POINT('',(-0.0294637677359874,0.00983552249334602,0.000924615546173412));
#1239=CARTESIAN_POINT('',(-0.0294621608617923,0.00994296970335656,0.00102959158532287));
#1240=CARTESIAN_POINT('',(-0.0294589417931389,0.0101678796444589,0.00123266711998197));
#1241=CARTESIAN_POINT('',(-0.0294573373135027,0.0102854188059658,0.00133058743069188));
#1242=CARTESIAN_POINT('',(-0.0294547506090781,0.0105295589011536,0.00150956485631832));
#1243=CARTESIAN_POINT('',(-0.0294537692887917,0.010656193038744,0.00159075514933225));
#1244=CARTESIAN_POINT('',(-0.0294534810112857,0.0107875093250362,0.00165866838023092));
#1245=CARTESIAN_POINT('',(-0.029483192682926,0.00792423455667043,-0.0010047729875654));
#1246=CARTESIAN_POINT('',(-0.0294828066842315,0.00800595705879142,-0.000908628069601759));
#1247=CARTESIAN_POINT('',(-0.029482479950043,0.00808936495304488,-0.000806893386032864));
#1248=CARTESIAN_POINT('',(-0.0294816270558382,0.00825951522384191,-0.000595121084482733));
#1249=CARTESIAN_POINT('',(-0.0294810946661859,0.0083463625431531,-0.000485045015705832));
#1250=CARTESIAN_POINT('',(-0.0294796273557738,0.00852259777194733,-0.000262898865158192));
#1251=CARTESIAN_POINT('',(-0.0294786906401487,0.00861200815359675,-0.000150889901868789));
#1252=CARTESIAN_POINT('',(-0.0294764783581302,0.00879418234980633,7.17042643382325E-05));
#1253=CARTESIAN_POINT('',(-0.0294752085265324,0.008886832189333,0.000182386259237301));
#1254=CARTESIAN_POINT('',(-0.0294723397492115,0.00907526720994384,0.000401397634613565));
#1255=CARTESIAN_POINT('',(-0.0294707410352183,0.00917103068660419,0.000509727728200954));
#1256=CARTESIAN_POINT('',(-0.0294672375193061,0.00936881020869812,0.000724772884338826));
#1257=CARTESIAN_POINT('',(-0.029465331094581,0.00947088709220459,0.000831433575001602));
#1258=CARTESIAN_POINT('',(-0.0294614285683794,0.00968152840175512,0.00103962975637999));
#1259=CARTESIAN_POINT('',(-0.0294594243950037,0.00978993927441149,0.00114134753956422));
#1260=CARTESIAN_POINT('',(-0.0294554752843758,0.0100189138093364,0.00133710182954621));
#1261=CARTESIAN_POINT('',(-0.0294535390587009,0.0101395632583004,0.00143093991587522));
#1262=CARTESIAN_POINT('',(-0.0294504227086267,0.0103920818529961,0.0016004259672167));
#1263=CARTESIAN_POINT('',(-0.0294492425961389,0.0105239724116606,0.00167622251240097));
#1264=CARTESIAN_POINT('',(-0.0294488565974445,0.0106616477899749,0.00173754474614701));
#1265=CARTESIAN_POINT('',(-0.0294911528457673,0.00779390057389029,-0.000734930855707669));
#1266=CARTESIAN_POINT('',(-0.0294906593537656,0.00785500872686917,-0.000633611653987262));
#1267=CARTESIAN_POINT('',(-0.0294900324949164,0.00791972357126014,-0.000529108862071635));
#1268=CARTESIAN_POINT('',(-0.0294883212504833,0.00805628933083785,-0.000314652488484206));
#1269=CARTESIAN_POINT('',(-0.029487229031106,0.00812826551870979,-0.000204687997566383));
#1270=CARTESIAN_POINT('',(-0.0294845045890986,0.00827871558023746,1.52501297033336E-05));
#1271=CARTESIAN_POINT('',(-0.0294828723130906,0.00835719607828847,0.000125196475955096));
#1272=CARTESIAN_POINT('',(-0.0294791983798232,0.0085202614473181,0.000341714530820806));
#1273=CARTESIAN_POINT('',(-0.0294771618788355,0.00860474243423723,0.000448361976213226));
#1274=CARTESIAN_POINT('',(-0.0294727499627776,0.00877966148992582,0.000657916179863202));
#1275=CARTESIAN_POINT('',(-0.0294703744720351,0.00887005760373033,0.000760837362311312));
#1276=CARTESIAN_POINT('',(-0.0294653270484862,0.00905994180899863,0.000963766679319065));
#1277=CARTESIAN_POINT('',(-0.029462653184717,0.00915951099767856,0.00106370678482434));
#1278=CARTESIAN_POINT('',(-0.0294572867082752,0.00936809709040962,0.00125667143064518));
#1279=CARTESIAN_POINT('',(-0.0294545854070674,0.00947694968148663,0.00134989949119406));
#1280=CARTESIAN_POINT('',(-0.0294493751095168,0.00971102942585733,0.00152705482638692));
#1281=CARTESIAN_POINT('',(-0.0294468765582383,0.00983635863763851,0.00161075022722474));
#1282=CARTESIAN_POINT('',(-0.0294428974488221,0.0101025123836927,0.00175745092603648));
#1283=CARTESIAN_POINT('',(-0.0294414153502648,0.010243337824852,0.00182063159039856));
#1284=CARTESIAN_POINT('',(-0.0294409218582631,0.0103921360957261,0.00186717347275493));
#1285=CARTESIAN_POINT('',(-0.0294944600745282,0.00774316001765302,-0.000590040123209066));
#1286=CARTESIAN_POINT('',(-0.0294939568104077,0.00779316335031863,-0.000486932958152468));
#1287=CARTESIAN_POINT('',(-0.0294932284407829,0.00784768667349345,-0.000381795174149445));
#1288=CARTESIAN_POINT('',(-0.0294911891280641,0.00796569433360633,-0.000167520692426738));
#1289=CARTESIAN_POINT('',(-0.0294898696694098,0.00802931258344458,-5.8384790619633E-05));
#1290=CARTESIAN_POINT('',(-0.0294866213561516,0.00816495357643876,0.000158833853993505));
#1291=CARTESIAN_POINT('',(-0.0294846931883018,0.00823697620868724,0.00026690368376142));
#1292=CARTESIAN_POINT('',(-0.0294803909156747,0.0083885358115639,0.000478641825937543));
#1293=CARTESIAN_POINT('',(-0.0294780217212962,0.00846797318679654,0.000582376926662956));
#1294=CARTESIAN_POINT('',(-0.0294729380600681,0.00863426084872776,0.000785339732030471));
#1295=CARTESIAN_POINT('',(-0.0294702233869002,0.00872106057398139,0.000884587688072281));
#1296=CARTESIAN_POINT('',(-0.0294645038913986,0.00890523111496178,0.0010794630958985));
#1297=CARTESIAN_POINT('',(-0.0294614970071356,0.00900269163804049,0.00117501671433271));
#1298=CARTESIAN_POINT('',(-0.0294555012142628,0.0092086066111069,0.00135831266041474));
#1299=CARTESIAN_POINT('',(-0.0294525033550474,0.00931689217529619,0.00144626753009587));
#1300=CARTESIAN_POINT('',(-0.0294467674627317,0.00955193603137799,0.00161207435047768));
#1301=CARTESIAN_POINT('',(-0.0294440406114278,0.00967880329726961,0.00168968020970382));
#1302=CARTESIAN_POINT('',(-0.0294397315598525,0.00995016997865303,0.00182304647044275));
#1303=CARTESIAN_POINT('',(-0.029438147159421,0.0100946615859614,0.00187899362248567));
#1304=CARTESIAN_POINT('',(-0.0294376438953004,0.0102482236573732,0.00191734615060502));
#1305=CARTESIAN_POINT('',(-0.0294988559281304,0.00767666908999595,-0.000298029136735072));
#1306=CARTESIAN_POINT('',(-0.0294984797015548,0.00770286735774636,-0.000192944617434457));
#1307=CARTESIAN_POINT('',(-0.0294977084133226,0.00773540233090103,-8.77619958215875E-05));
#1308=CARTESIAN_POINT('',(-0.0294953438158706,0.00781306048660302,0.0001239334182404));
#1309=CARTESIAN_POINT('',(-0.029493741028596,0.00785832978000101,0.000230428889847153));
#1310=CARTESIAN_POINT('',(-0.0294897831555431,0.00796101173187919,0.000440238464126596));
#1311=CARTESIAN_POINT('',(-0.0294874298014111,0.00801841477078918,0.000543559950789891));
#1312=CARTESIAN_POINT('',(-0.0294821985863695,0.00814376873726771,0.000743713757689608));
#1313=CARTESIAN_POINT('',(-0.0294793252887443,0.00821162612402507,0.000840600233121449));
#1314=CARTESIAN_POINT('',(-0.0294732154571953,0.00835784821132135,0.00102813598825605));
#1315=CARTESIAN_POINT('',(-0.0294699785325116,0.0084361502000907,0.00111881374600674));
#1316=CARTESIAN_POINT('',(-0.029463232405349,0.00860644864344542,0.0012948931578114));
#1317=CARTESIAN_POINT('',(-0.0294597209560469,0.00869854696086875,0.00138021278421518));
#1318=CARTESIAN_POINT('',(-0.0294527948413648,0.00889695172820712,0.00154110990445201));
#1319=CARTESIAN_POINT('',(-0.0294493708553978,0.00900308283657197,0.0016169126769772));
#1320=CARTESIAN_POINT('',(-0.0294429229700909,0.00923780731832161,0.00175660714138684));
#1321=CARTESIAN_POINT('',(-0.0294399112926395,0.00936651942878064,0.0018202326697943));
#1322=CARTESIAN_POINT('',(-0.0294352743108628,0.00964561602035874,0.00192332199070784));
#1323=CARTESIAN_POINT('',(-0.0294336458749785,0.00979598038966653,0.00196298860547386));
#1324=CARTESIAN_POINT('',(-0.0294332696484029,0.00995747463786503,0.00198336385269079));
#1325=CARTESIAN_POINT('',(-0.0295,0.00766,-0.0001510379611396));
#1326=CARTESIAN_POINT('',(-0.0294997605830883,0.00767349802314846,-4.57640509311589E-05));
#1327=CARTESIAN_POINT('',(-0.0294990466091726,0.00769424890236101,5.8839776715931E-05));
#1328=CARTESIAN_POINT('',(-0.0294966802518009,0.00775016093262554,0.000268178407912663));
#1329=CARTESIAN_POINT('',(-0.0294950181095626,0.00778547175226382,0.000372891070848752));
#1330=CARTESIAN_POINT('',(-0.0294908665968896,0.0078700829706996,0.000578081745079873));
#1331=CARTESIAN_POINT('',(-0.0294883792628616,0.00791937097656698,0.00067857306033222));
#1332=CARTESIAN_POINT('',(-0.0294828372219531,0.0080301269516948,0.000872013328739284));
#1333=CARTESIAN_POINT('',(-0.0294797869771154,0.00809150314606449,0.0009650127524289));
#1334=CARTESIAN_POINT('',(-0.0294733113617352,0.00822640425125487,0.00114381383793991));
#1335=CARTESIAN_POINT('',(-0.0294698855466376,0.00829986290646129,0.00122964637724828));
#1336=CARTESIAN_POINT('',(-0.0294627735010866,0.00846211611524994,0.00139508468453976));
#1337=CARTESIAN_POINT('',(-0.0294590849698824,0.00855101607702016,0.0014746060348685));
#1338=CARTESIAN_POINT('',(-0.0294518476270099,0.00874468363718967,0.00162286391309312));
#1339=CARTESIAN_POINT('',(-0.0294482893868433,0.00884927401111107,0.00169182943453994));
#1340=CARTESIAN_POINT('',(-0.029441647152234,0.00908279424595754,0.00181683074541726));
#1341=CARTESIAN_POINT('',(-0.0294385756830401,0.00921184569152048,0.00187259451703671));
#1342=CARTESIAN_POINT('',(-0.0294339361697489,0.00949350453747266,0.00195878172912841));
#1343=CARTESIAN_POINT('',(-0.0294323647224346,0.00964608823749249,0.00198941267944845));
#1344=CARTESIAN_POINT('',(-0.0294321253055229,0.00981075086194,0.002));
#1345=CARTESIAN_POINT('',(-0.0295,0.00766,0.0));
#1346=CARTESIAN_POINT('',(-0.0295,0.00766,0.0001046639072301));
#1347=CARTESIAN_POINT('',(-0.0294994456373588,0.00766812789526666,0.000208104990879522));
#1348=CARTESIAN_POINT('',(-0.0294972743604338,0.00770054694753117,0.000414011961197195));
#1349=CARTESIAN_POINT('',(-0.0294956476873676,0.00772498777311528,0.000516455707251892));
#1350=CARTESIAN_POINT('',(-0.0294914784401085,0.007789614904821,0.000716001683991438));
#1351=CARTESIAN_POINT('',(-0.0294889379023223,0.00782978881801247,0.000813117218633601));
#1352=CARTESIAN_POINT('',(-0.0294832362501393,0.00792407542065321,0.000998698371246433));
#1353=CARTESIAN_POINT('',(-0.0294800795977853,0.00797809633521174,0.001087214459752));
#1354=CARTESIAN_POINT('',(-0.0294733734327864,0.00810004860513105,0.00125594062947597));
#1355=CARTESIAN_POINT('',(-0.0294698234755865,0.00816791370487757,0.00133618158818137));
#1356=CARTESIAN_POINT('',(-0.0294624808804167,0.0083207444385843,0.00148932779800288));
#1357=CARTESIAN_POINT('',(-0.0294586859416961,0.00840581548073246,0.00156214863146463));
#1358=CARTESIAN_POINT('',(-0.0294512889875492,0.00859359274898219,0.0016958958488462));
#1359=CARTESIAN_POINT('',(-0.0294476775436245,0.00869612175060586,0.00175705122631697));
#1360=CARTESIAN_POINT('',(-0.0294410175744291,0.00892728969966775,0.00186532193128803));
#1361=CARTESIAN_POINT('',(-0.0294379815744073,0.0090560502317438,0.00191216524097729));
#1362=CARTESIAN_POINT('',(-0.0294335371415627,0.00933890062101966,0.00197940052040937));
#1363=CARTESIAN_POINT('',(-0.0294321253055229,0.00949296677785003,0.002));
#1364=CARTESIAN_POINT('',(-0.0294321253055229,0.00966,0.002));
#1365=EDGE_LOOP('',(#1614,#1615,#1616,#1617));
#1366=AXIS2_PLACEMENT_3D('',#1618,#1619,#1620);
#1367=EDGE_LOOP('',(#1621,#1622));
#1368=EDGE_LOOP('',(#1623,#1624));
#1369=AXIS2_PLACEMENT_3D('',#1625,#1626,#1627);
#1370=EDGE_LOOP('',(#1628,#1629,#1630,#1631));
#1371=AXIS2_PLACEMENT_3D('',#1632,#1633,#1634);
#1372=EDGE_LOOP('',(#1635,#1636));
#1373=EDGE_LOOP('',(#1637,#1638));
#1374=AXIS2_PLACEMENT_3D('',#1639,#1640,#1641);
#1375=EDGE_LOOP('',(#1642,#1643,#1644,#1645));
#1376=AXIS2_PLACEMENT_3D('',#1646,#1647,#1648);
#1377=EDGE_LOOP('',(#1649,#1650,#1651,#1652));
#1378=AXIS2_PLACEMENT_3D('',#1653,#1654,#1655);
#1379=EDGE_LOOP('',(#1656,#1657,#1658,#1659));
#1380=AXIS2_PLACEMENT_3D('',#1660,#1661,#1662);
#1381=EDGE_LOOP('',(#1663,#1664,#1665,#1666));
#1382=EDGE_LOOP('',(#1667,#1668));
#1383=EDGE_LOOP('',(#1669,#1670));
#1384=AXIS2_PLACEMENT_3D('',#1671,#1672,#1673);
#1385=EDGE_LOOP('',(#1674,#1675,#1676,#1677));
#1386=AXIS2_PLACEMENT_3D('',#1678,#1679,#1680);
#1387=EDGE_LOOP('',(#1681,#1682,#1683,#1684,#1685,#1686,#1687,#1688,#1689));
#1388=EDGE_LOOP('',(#1690,#1691));
#1389=AXIS2_PLACEMENT_3D('',#1692,#1693,#1694);
#1390=EDGE_LOOP('',(#1695,#1696,#1697,#1698,#1699,#1700));
#1391=AXIS2_PLACEMENT_3D('',#1701,#1702,#1703);
#1392=EDGE_LOOP('',(#1704,#1705,#1706,#1707,#1708));
#1393=AXIS2_PLACEMENT_3D('',#1709,#1710,#1711);
#1394=EDGE_LOOP('',(#1712,#1713));
#1395=EDGE_LOOP('',(#1714,#1715));
#1396=AXIS2_PLACEMENT_3D('',#1716,#1717,#1718);
#1397=EDGE_LOOP('',(#1719,#1720,#1721,#1722));
#1398=AXIS2_PLACEMENT_3D('',#1723,#1724,#1725);
#1399=EDGE_LOOP('',(#1726,#1727));
#1400=EDGE_LOOP('',(#1728,#1729));
#1401=AXIS2_PLACEMENT_3D('',#1730,#1731,#1732);
#1402=EDGE_LOOP('',(#1733,#1734,#1735,#1736));
#1403=AXIS2_PLACEMENT_3D('',#1737,#1738,#1739);
#1404=EDGE_LOOP('',(#1740,#1741));
#1405=EDGE_LOOP('',(#1742,#1743));
#1406=AXIS2_PLACEMENT_3D('',#1744,#1745,#1746);
#1407=EDGE_LOOP('',(#1747,#1748,#1749,#1750,#1751));
#1408=AXIS2_PLACEMENT_3D('',#1752,#1753,#1754);
#1409=FILL_AREA_STYLE_COLOUR('',#1755);
#1410=ORIENTED_EDGE('',*,*,#1756,.F.);
#1411=ORIENTED_EDGE('',*,*,#1757,.T.);
#1412=ORIENTED_EDGE('',*,*,#1758,.T.);
#1413=ORIENTED_EDGE('',*,*,#1759,.F.);
#1414=ORIENTED_EDGE('',*,*,#1760,.F.);
#1415=CARTESIAN_POINT('',(0.0,0.0251600000000188,0.0));
#1416=DIRECTION('',(-0.0,-1.0,-0.0));
#1417=DIRECTION('',(0.0,0.0,-1.0));
#1418=ORIENTED_EDGE('',*,*,#1761,.F.);
#1419=ORIENTED_EDGE('',*,*,#1762,.F.);
#1420=ORIENTED_EDGE('',*,*,#1763,.F.);
#1421=ORIENTED_EDGE('',*,*,#1764,.T.);
#1422=CARTESIAN_POINT('',(0.0,-0.01913876540074,0.0));
#1423=DIRECTION('',(-0.0,1.0,0.0));
#1424=DIRECTION('',(1.0,0.0,0.0));
#1425=ORIENTED_EDGE('',*,*,#1765,.F.);
#1426=ORIENTED_EDGE('',*,*,#1766,.T.);
#1427=ORIENTED_EDGE('',*,*,#1767,.F.);
#1428=ORIENTED_EDGE('',*,*,#1768,.T.);
#1429=CARTESIAN_POINT('',(0.0,-0.01913876540074,0.0));
#1430=DIRECTION('',(-0.0,1.0,0.0));
#1431=DIRECTION('',(1.0,0.0,0.0));
#1432=ORIENTED_EDGE('',*,*,#1769,.F.);
#1433=ORIENTED_EDGE('',*,*,#1770,.T.);
#1434=ORIENTED_EDGE('',*,*,#1771,.F.);
#1435=ORIENTED_EDGE('',*,*,#1772,.T.);
#1436=ORIENTED_EDGE('',*,*,#1773,.T.);
#1437=CARTESIAN_POINT('',(0.0,-0.01913876540074,0.0));
#1438=DIRECTION('',(-0.0,1.0,0.0));
#1439=DIRECTION('',(1.0,0.0,0.0));
#1440=ORIENTED_EDGE('',*,*,#1774,.F.);
#1441=ORIENTED_EDGE('',*,*,#1775,.T.);
#1442=ORIENTED_EDGE('',*,*,#1776,.T.);
#1443=ORIENTED_EDGE('',*,*,#1777,.F.);
#1444=ORIENTED_EDGE('',*,*,#1778,.F.);
#1445=ORIENTED_EDGE('',*,*,#1773,.F.);
#1446=CARTESIAN_POINT('',(0.0,0.00816,0.0));
#1447=DIRECTION('',(-0.0,1.0,0.0));
#1448=DIRECTION('',(0.999890528621042,0.0,0.0147963094700706));
#1449=ORIENTED_EDGE('',*,*,#1779,.F.);
#1450=ORIENTED_EDGE('',*,*,#1780,.T.);
#1451=ORIENTED_EDGE('',*,*,#1781,.T.);
#1452=ORIENTED_EDGE('',*,*,#1782,.F.);
#1453=ORIENTED_EDGE('',*,*,#1775,.F.);
#1454=ORIENTED_EDGE('',*,*,#1783,.F.);
#1455=ORIENTED_EDGE('',*,*,#1784,.F.);
#1456=ORIENTED_EDGE('',*,*,#1785,.F.);
#1457=ORIENTED_EDGE('',*,*,#1786,.F.);
#1458=ORIENTED_EDGE('',*,*,#1787,.T.);
#1459=ORIENTED_EDGE('',*,*,#1788,.T.);
#1460=CARTESIAN_POINT('',(0.0,-0.01711181029559,0.0));
#1461=DIRECTION('',(-0.0,1.0,0.0));
#1462=DIRECTION('',(1.0,0.0,0.0));
#1463=ORIENTED_EDGE('',*,*,#1789,.F.);
#1464=ORIENTED_EDGE('',*,*,#1790,.F.);
#1465=ORIENTED_EDGE('',*,*,#1791,.F.);
#1466=ORIENTED_EDGE('',*,*,#1792,.F.);
#1467=CARTESIAN_POINT('',(-0.0031,0.00666,0.0018));
#1468=DIRECTION('',(0.0,0.0,-1.0));
#1469=DIRECTION('',(1.0,0.0,0.0));
#1470=ORIENTED_EDGE('',*,*,#1793,.F.);
#1471=ORIENTED_EDGE('',*,*,#1794,.F.);
#1472=ORIENTED_EDGE('',*,*,#1795,.F.);
#1473=ORIENTED_EDGE('',*,*,#1796,.T.);
#1474=ORIENTED_EDGE('',*,*,#1797,.T.);
#1475=ORIENTED_EDGE('',*,*,#1798,.T.);
#1476=ORIENTED_EDGE('',*,*,#1799,.T.);
#1477=ORIENTED_EDGE('',*,*,#1800,.T.);
#1478=CARTESIAN_POINT('',(0.0,-0.01913876540074,0.0));
#1479=DIRECTION('',(-0.0,1.0,0.0));
#1480=DIRECTION('',(1.0,0.0,0.0));
#1481=ORIENTED_EDGE('',*,*,#1801,.F.);
#1482=ORIENTED_EDGE('',*,*,#1802,.F.);
#1483=ORIENTED_EDGE('',*,*,#1803,.F.);
#1484=ORIENTED_EDGE('',*,*,#1804,.F.);
#1485=CARTESIAN_POINT('',(-0.0018,0.00666,-0.0031));
#1486=DIRECTION('',(1.0,0.0,-6.12303176911189E-17));
#1487=DIRECTION('',(6.12303176911189E-17,0.0,1.0));
#1488=ORIENTED_EDGE('',*,*,#1805,.F.);
#1489=ORIENTED_EDGE('',*,*,#1799,.F.);
#1490=ORIENTED_EDGE('',*,*,#1806,.F.);
#1491=ORIENTED_EDGE('',*,*,#1781,.F.);
#1492=CARTESIAN_POINT('',(0.0031,0.00666,-0.0018));
#1493=DIRECTION('',(1.22460635382238E-16,0.0,1.0));
#1494=DIRECTION('',(-1.0,0.0,1.22460635382238E-16));
#1495=ORIENTED_EDGE('',*,*,#1807,.F.);
#1496=ORIENTED_EDGE('',*,*,#1797,.F.);
#1497=ORIENTED_EDGE('',*,*,#1808,.F.);
#1498=ORIENTED_EDGE('',*,*,#1788,.F.);
#1499=CARTESIAN_POINT('',(0.0018,0.00666,0.0031));
#1500=DIRECTION('',(-1.0,0.0,1.83690953073357E-16));
#1501=DIRECTION('',(-1.83690953073357E-16,0.0,-1.0));
#1502=ORIENTED_EDGE('',*,*,#1809,.F.);
#1503=ORIENTED_EDGE('',*,*,#1810,.F.);
#1504=ORIENTED_EDGE('',*,*,#1811,.F.);
#1505=ORIENTED_EDGE('',*,*,#1812,.F.);
#1506=ORIENTED_EDGE('',*,*,#1813,.F.);
#1507=ORIENTED_EDGE('',*,*,#1814,.F.);
#1508=CARTESIAN_POINT('',(0.0,-0.00134000000000001,0.0));
#1509=DIRECTION('',(0.0,-1.0,0.0));
#1510=DIRECTION('',(0.0,0.0,-1.0));
#1511=ORIENTED_EDGE('',*,*,#1815,.F.);
#1512=ORIENTED_EDGE('',*,*,#1816,.T.);
#1513=ORIENTED_EDGE('',*,*,#1817,.F.);
#1514=ORIENTED_EDGE('',*,*,#1813,.T.);
#1515=CARTESIAN_POINT('',(0.0,0.00966,0.0));
#1516=DIRECTION('',(-1.0,0.0,0.0));
#1517=DIRECTION('',(0.0,0.0,1.0));
#1518=ORIENTED_EDGE('',*,*,#1818,.F.);
#1519=ORIENTED_EDGE('',*,*,#1819,.F.);
#1520=ORIENTED_EDGE('',*,*,#1820,.F.);
#1521=ORIENTED_EDGE('',*,*,#1821,.F.);
#1522=ORIENTED_EDGE('',*,*,#1758,.F.);
#1523=CARTESIAN_POINT('',(0.0,-0.01913876540074,0.0));
#1524=DIRECTION('',(-0.0,1.0,0.0));
#1525=DIRECTION('',(1.0,0.0,0.0));
#1526=ORIENTED_EDGE('',*,*,#1822,.F.);
#1527=ORIENTED_EDGE('',*,*,#1823,.F.);
#1528=ORIENTED_EDGE('',*,*,#1824,.F.);
#1529=ORIENTED_EDGE('',*,*,#1825,.T.);
#1530=ORIENTED_EDGE('',*,*,#1826,.T.);
#1531=ORIENTED_EDGE('',*,*,#1827,.F.);
#1532=ORIENTED_EDGE('',*,*,#1828,.T.);
#1533=CARTESIAN_POINT('',(0.0,0.03166,0.0));
#1534=DIRECTION('',(0.0,1.0,0.0));
#1535=DIRECTION('',(-1.0,0.0,0.0));
#1536=ORIENTED_EDGE('',*,*,#1829,.F.);
#1537=ORIENTED_EDGE('',*,*,#1830,.T.);
#1538=ORIENTED_EDGE('',*,*,#1831,.F.);
#1539=ORIENTED_EDGE('',*,*,#1832,.F.);
#1540=ORIENTED_EDGE('',*,*,#1826,.F.);
#1541=CARTESIAN_POINT('',(0.0,0.02566,0.0));
#1542=DIRECTION('',(1.0,0.0,0.0));
#1543=DIRECTION('',(0.0,0.0,-1.0));
#1544=ORIENTED_EDGE('',*,*,#1833,.F.);
#1545=ORIENTED_EDGE('',*,*,#1834,.F.);
#1546=ORIENTED_EDGE('',*,*,#1835,.F.);
#1547=ORIENTED_EDGE('',*,*,#1836,.T.);
#1548=CARTESIAN_POINT('',(0.0,-0.00134000000000001,0.0));
#1549=DIRECTION('',(0.0,-1.0,0.0));
#1550=DIRECTION('',(1.0,0.0,0.0));
#1551=ORIENTED_EDGE('',*,*,#1833,.T.);
#1552=ORIENTED_EDGE('',*,*,#1837,.T.);
#1553=ORIENTED_EDGE('',*,*,#1835,.T.);
#1554=ORIENTED_EDGE('',*,*,#1838,.F.);
#1555=CARTESIAN_POINT('',(0.0,-0.00134000000000001,0.0));
#1556=DIRECTION('',(0.0,-1.0,0.0));
#1557=DIRECTION('',(1.0,0.0,0.0));
#1558=ORIENTED_EDGE('',*,*,#1836,.F.);
#1559=ORIENTED_EDGE('',*,*,#1837,.F.);
#1560=CARTESIAN_POINT('',(0.0,-0.04634,0.0));
#1561=DIRECTION('',(0.0,-1.0,0.0));
#1562=DIRECTION('',(0.0,0.0,-1.0));
#1563=ORIENTED_EDGE('',*,*,#1834,.T.);
#1564=ORIENTED_EDGE('',*,*,#1838,.T.);
#1565=ORIENTED_EDGE('',*,*,#1839,.T.);
#1566=ORIENTED_EDGE('',*,*,#1786,.T.);
#1567=CARTESIAN_POINT('',(0.0,-0.00134000000000001,0.0));
#1568=DIRECTION('',(0.0,-1.0,0.0));
#1569=DIRECTION('',(0.0,0.0,-1.0));
#1570=ORIENTED_EDGE('',*,*,#1840,.T.);
#1571=ORIENTED_EDGE('',*,*,#1823,.T.);
#1572=CARTESIAN_POINT('',(0.0,0.03166,0.0));
#1573=DIRECTION('',(-0.0,1.0,0.0));
#1574=DIRECTION('',(1.0,0.0,0.0));
#1575=ORIENTED_EDGE('',*,*,#1841,.F.);
#1576=ORIENTED_EDGE('',*,*,#1842,.F.);
#1577=ORIENTED_EDGE('',*,*,#1830,.F.);
#1578=ORIENTED_EDGE('',*,*,#1829,.T.);
#1579=ORIENTED_EDGE('',*,*,#1825,.F.);
#1580=ORIENTED_EDGE('',*,*,#1843,.F.);
#1581=ORIENTED_EDGE('',*,*,#1831,.T.);
#1582=ORIENTED_EDGE('',*,*,#1842,.T.);
#1583=ORIENTED_EDGE('',*,*,#1841,.T.);
#1584=CARTESIAN_POINT('',(0.0,0.02566,0.0));
#1585=DIRECTION('',(1.0,0.0,0.0));
#1586=DIRECTION('',(0.0,0.0,-1.0));
#1587=ORIENTED_EDGE('',*,*,#1822,.T.);
#1588=ORIENTED_EDGE('',*,*,#1844,.T.);
#1589=ORIENTED_EDGE('',*,*,#1827,.T.);
#1590=ORIENTED_EDGE('',*,*,#1832,.T.);
#1591=ORIENTED_EDGE('',*,*,#1843,.T.);
#1592=ORIENTED_EDGE('',*,*,#1824,.T.);
#1593=ORIENTED_EDGE('',*,*,#1840,.F.);
#1594=CARTESIAN_POINT('',(0.0,0.03166,0.0));
#1595=DIRECTION('',(0.0,1.0,0.0));
#1596=DIRECTION('',(-1.0,0.0,0.0));
#1597=ORIENTED_EDGE('',*,*,#1828,.F.);
#1598=ORIENTED_EDGE('',*,*,#1844,.F.);
#1599=ORIENTED_EDGE('',*,*,#1845,.T.);
#1600=ORIENTED_EDGE('',*,*,#1819,.T.);
#1601=CARTESIAN_POINT('',(0.0,0.01866,0.0));
#1602=DIRECTION('',(-0.0,1.0,0.0));
#1603=DIRECTION('',(1.0,0.0,0.0));
#1604=ORIENTED_EDGE('',*,*,#1818,.T.);
#1605=ORIENTED_EDGE('',*,*,#1757,.F.);
#1606=ORIENTED_EDGE('',*,*,#1846,.F.);
#1607=ORIENTED_EDGE('',*,*,#1820,.T.);
#1608=ORIENTED_EDGE('',*,*,#1845,.F.);
#1609=CARTESIAN_POINT('',(0.0,-0.01913876540074,0.0));
#1610=DIRECTION('',(-0.0,1.0,0.0));
#1611=DIRECTION('',(1.0,0.0,0.0));
#1612=ORIENTED_EDGE('',*,*,#1816,.F.);
#1613=ORIENTED_EDGE('',*,*,#1847,.F.);
#1614=ORIENTED_EDGE('',*,*,#1815,.T.);
#1615=ORIENTED_EDGE('',*,*,#1814,.T.);
#1616=ORIENTED_EDGE('',*,*,#1817,.T.);
#1617=ORIENTED_EDGE('',*,*,#1847,.T.);
#1618=CARTESIAN_POINT('',(0.0,0.00966,0.0));
#1619=DIRECTION('',(-1.0,0.0,0.0));
#1620=DIRECTION('',(0.0,0.0,1.0));
#1621=ORIENTED_EDGE('',*,*,#1812,.T.);
#1622=ORIENTED_EDGE('',*,*,#1848,.T.);
#1623=ORIENTED_EDGE('',*,*,#1796,.F.);
#1624=ORIENTED_EDGE('',*,*,#1849,.F.);
#1625=CARTESIAN_POINT('',(0.0,0.01366,0.0));
#1626=DIRECTION('',(-0.0,1.0,0.0));
#1627=DIRECTION('',(1.0,0.0,0.0));
#1628=ORIENTED_EDGE('',*,*,#1809,.T.);
#1629=ORIENTED_EDGE('',*,*,#1848,.F.);
#1630=ORIENTED_EDGE('',*,*,#1811,.T.);
#1631=ORIENTED_EDGE('',*,*,#1850,.F.);
#1632=CARTESIAN_POINT('',(0.0,-0.00134000000000001,0.0));
#1633=DIRECTION('',(0.0,-1.0,0.0));
#1634=DIRECTION('',(0.0,0.0,-1.0));
#1635=ORIENTED_EDGE('',*,*,#1810,.T.);
#1636=ORIENTED_EDGE('',*,*,#1850,.T.);
#1637=ORIENTED_EDGE('',*,*,#1794,.T.);
#1638=ORIENTED_EDGE('',*,*,#1851,.T.);
#1639=CARTESIAN_POINT('',(0.0,0.00115999999999999,0.0));
#1640=DIRECTION('',(-0.0,1.0,0.0));
#1641=DIRECTION('',(1.0,0.0,0.0));
#1642=ORIENTED_EDGE('',*,*,#1807,.T.);
#1643=ORIENTED_EDGE('',*,*,#1787,.F.);
#1644=ORIENTED_EDGE('',*,*,#1808,.T.);
#1645=ORIENTED_EDGE('',*,*,#1798,.F.);
#1646=CARTESIAN_POINT('',(0.0018,0.00666,0.0031));
#1647=DIRECTION('',(-1.0,0.0,1.83690953073357E-16));
#1648=DIRECTION('',(-1.83690953073357E-16,0.0,-1.0));
#1649=ORIENTED_EDGE('',*,*,#1805,.T.);
#1650=ORIENTED_EDGE('',*,*,#1780,.F.);
#1651=ORIENTED_EDGE('',*,*,#1806,.T.);
#1652=ORIENTED_EDGE('',*,*,#1800,.F.);
#1653=CARTESIAN_POINT('',(0.0031,0.00666,-0.0018));
#1654=DIRECTION('',(1.22460635382238E-16,0.0,1.0));
#1655=DIRECTION('',(-1.0,0.0,1.22460635382238E-16));
#1656=ORIENTED_EDGE('',*,*,#1801,.T.);
#1657=ORIENTED_EDGE('',*,*,#1852,.F.);
#1658=ORIENTED_EDGE('',*,*,#1803,.T.);
#1659=ORIENTED_EDGE('',*,*,#1853,.F.);
#1660=CARTESIAN_POINT('',(-0.0018,0.00666,-0.0031));
#1661=DIRECTION('',(1.0,0.0,-6.12303176911189E-17));
#1662=DIRECTION('',(6.12303176911189E-17,0.0,1.0));
#1663=ORIENTED_EDGE('',*,*,#1793,.T.);
#1664=ORIENTED_EDGE('',*,*,#1849,.T.);
#1665=ORIENTED_EDGE('',*,*,#1795,.T.);
#1666=ORIENTED_EDGE('',*,*,#1851,.F.);
#1667=ORIENTED_EDGE('',*,*,#1790,.T.);
#1668=ORIENTED_EDGE('',*,*,#1854,.T.);
#1669=ORIENTED_EDGE('',*,*,#1802,.T.);
#1670=ORIENTED_EDGE('',*,*,#1853,.T.);
#1671=CARTESIAN_POINT('',(0.0,-0.01913876540074,0.0));
#1672=DIRECTION('',(-0.0,1.0,0.0));
#1673=DIRECTION('',(1.0,0.0,0.0));
#1674=ORIENTED_EDGE('',*,*,#1789,.T.);
#1675=ORIENTED_EDGE('',*,*,#1855,.F.);
#1676=ORIENTED_EDGE('',*,*,#1791,.T.);
#1677=ORIENTED_EDGE('',*,*,#1854,.F.);
#1678=CARTESIAN_POINT('',(-0.0031,0.00666,0.0018));
#1679=DIRECTION('',(0.0,0.0,-1.0));
#1680=DIRECTION('',(1.0,0.0,0.0));
#1681=ORIENTED_EDGE('',*,*,#1779,.T.);
#1682=ORIENTED_EDGE('',*,*,#1839,.F.);
#1683=ORIENTED_EDGE('',*,*,#1785,.T.);
#1684=ORIENTED_EDGE('',*,*,#1855,.T.);
#1685=ORIENTED_EDGE('',*,*,#1792,.T.);
#1686=ORIENTED_EDGE('',*,*,#1784,.T.);
#1687=ORIENTED_EDGE('',*,*,#1856,.F.);
#1688=ORIENTED_EDGE('',*,*,#1776,.F.);
#1689=ORIENTED_EDGE('',*,*,#1782,.T.);
#1690=ORIENTED_EDGE('',*,*,#1852,.T.);
#1691=ORIENTED_EDGE('',*,*,#1804,.T.);
#1692=CARTESIAN_POINT('',(0.0,-0.01711181029559,0.0));
#1693=DIRECTION('',(-0.0,1.0,0.0));
#1694=DIRECTION('',(1.0,0.0,0.0));
#1695=ORIENTED_EDGE('',*,*,#1774,.T.);
#1696=ORIENTED_EDGE('',*,*,#1772,.F.);
#1697=ORIENTED_EDGE('',*,*,#1857,.F.);
#1698=ORIENTED_EDGE('',*,*,#1777,.T.);
#1699=ORIENTED_EDGE('',*,*,#1856,.T.);
#1700=ORIENTED_EDGE('',*,*,#1783,.T.);
#1701=CARTESIAN_POINT('',(0.0,0.00816,0.0));
#1702=DIRECTION('',(-0.0,1.0,0.0));
#1703=DIRECTION('',(0.999890528621042,0.0,0.0147963094700706));
#1704=ORIENTED_EDGE('',*,*,#1769,.T.);
#1705=ORIENTED_EDGE('',*,*,#1778,.T.);
#1706=ORIENTED_EDGE('',*,*,#1857,.T.);
#1707=ORIENTED_EDGE('',*,*,#1771,.T.);
#1708=ORIENTED_EDGE('',*,*,#1858,.T.);
#1709=CARTESIAN_POINT('',(0.0,-0.01913876540074,0.0));
#1710=DIRECTION('',(-0.0,1.0,0.0));
#1711=DIRECTION('',(1.0,0.0,0.0));
#1712=ORIENTED_EDGE('',*,*,#1858,.F.);
#1713=ORIENTED_EDGE('',*,*,#1770,.F.);
#1714=ORIENTED_EDGE('',*,*,#1768,.F.);
#1715=ORIENTED_EDGE('',*,*,#1859,.F.);
#1716=CARTESIAN_POINT('',(0.0,0.00516,0.0));
#1717=DIRECTION('',(-0.0,1.0,0.0));
#1718=DIRECTION('',(1.0,0.0,0.0));
#1719=ORIENTED_EDGE('',*,*,#1765,.T.);
#1720=ORIENTED_EDGE('',*,*,#1859,.T.);
#1721=ORIENTED_EDGE('',*,*,#1767,.T.);
#1722=ORIENTED_EDGE('',*,*,#1860,.T.);
#1723=CARTESIAN_POINT('',(0.0,-0.01913876540074,0.0));
#1724=DIRECTION('',(-0.0,1.0,0.0));
#1725=DIRECTION('',(1.0,0.0,0.0));
#1726=ORIENTED_EDGE('',*,*,#1860,.F.);
#1727=ORIENTED_EDGE('',*,*,#1766,.F.);
#1728=ORIENTED_EDGE('',*,*,#1764,.F.);
#1729=ORIENTED_EDGE('',*,*,#1861,.F.);
#1730=CARTESIAN_POINT('',(0.0,0.02366,0.0));
#1731=DIRECTION('',(-0.0,1.0,0.0));
#1732=DIRECTION('',(1.0,0.0,0.0));
#1733=ORIENTED_EDGE('',*,*,#1761,.T.);
#1734=ORIENTED_EDGE('',*,*,#1861,.T.);
#1735=ORIENTED_EDGE('',*,*,#1763,.T.);
#1736=ORIENTED_EDGE('',*,*,#1862,.F.);
#1737=CARTESIAN_POINT('',(0.0,-0.01913876540074,0.0));
#1738=DIRECTION('',(-0.0,1.0,0.0));
#1739=DIRECTION('',(1.0,0.0,0.0));
#1740=ORIENTED_EDGE('',*,*,#1863,.T.);
#1741=ORIENTED_EDGE('',*,*,#1760,.T.);
#1742=ORIENTED_EDGE('',*,*,#1762,.T.);
#1743=ORIENTED_EDGE('',*,*,#1862,.T.);
#1744=CARTESIAN_POINT('',(0.0,0.02566,0.0));
#1745=DIRECTION('',(-0.0,1.0,0.0));
#1746=DIRECTION('',(1.0,0.0,0.0));
#1747=ORIENTED_EDGE('',*,*,#1756,.T.);
#1748=ORIENTED_EDGE('',*,*,#1863,.F.);
#1749=ORIENTED_EDGE('',*,*,#1759,.T.);
#1750=ORIENTED_EDGE('',*,*,#1821,.T.);
#1751=ORIENTED_EDGE('',*,*,#1846,.T.);
#1752=CARTESIAN_POINT('',(0.0,0.0251600000000188,0.0));
#1753=DIRECTION('',(-0.0,-1.0,-0.0));
#1754=DIRECTION('',(0.0,0.0,-1.0));
#1755=COLOUR_RGB('',0.560784339904785,0.560784339904785,0.686274528503418);
#1756=EDGE_CURVE('',#1864,#1865,#1866,.T.);
#1757=EDGE_CURVE('0:194',#1864,#1867,#1868,.T.);
#1758=EDGE_CURVE('0:194',#1867,#1869,#1870,.T.);
#1759=EDGE_CURVE('',#1871,#1869,#1872,.T.);
#1760=EDGE_CURVE('0:347',#1865,#1871,#1873,.T.);
#1761=EDGE_CURVE('',#1874,#1875,#1876,.T.);
#1762=EDGE_CURVE('0:341',#1877,#1874,#1878,.F.);
#1763=EDGE_CURVE('',#1879,#1877,#1880,.T.);
#1764=EDGE_CURVE('0:338',#1879,#1875,#1881,.F.);
#1765=EDGE_CURVE('',#1882,#1883,#1884,.T.);
#1766=EDGE_CURVE('0:332',#1882,#1885,#1886,.T.);
#1767=EDGE_CURVE('',#1887,#1885,#1888,.T.);
#1768=EDGE_CURVE('0:323',#1887,#1883,#1889,.T.);
#1769=EDGE_CURVE('',#1890,#1891,#1892,.T.);
#1770=EDGE_CURVE('0:317',#1890,#1893,#1894,.T.);
#1771=EDGE_CURVE('',#1895,#1893,#1896,.T.);
#1772=EDGE_CURVE('0:299',#1895,#1897,#1898,.T.);
#1773=EDGE_CURVE('0:299',#1897,#1891,#1899,.T.);
#1774=EDGE_CURVE('',#1900,#1897,#1901,.T.);
#1775=EDGE_CURVE('0:284',#1900,#1902,#1903,.F.);
#1776=EDGE_CURVE('0:284',#1902,#1904,#1905,.F.);
#1777=EDGE_CURVE('',#1906,#1904,#1907,.T.);
#1778=EDGE_CURVE('0:299',#1891,#1906,#1908,.T.);
#1779=EDGE_CURVE('',#1909,#1910,#1911,.T.);
#1780=EDGE_CURVE('0:260',#1909,#1912,#1913,.T.);
#1781=EDGE_CURVE('0:260',#1912,#1909,#1914,.T.);
#1782=EDGE_CURVE('',#1902,#1909,#1915,.T.);
#1783=EDGE_CURVE('0:284',#1916,#1900,#1917,.F.);
#1784=EDGE_CURVE('',#1918,#1916,#1919,.T.);
#1785=EDGE_CURVE('',#1920,#1918,#1921,.T.);
#1786=EDGE_CURVE('0:131',#1910,#1920,#1922,.F.);
#1787=EDGE_CURVE('0:254',#1923,#1924,#1925,.T.);
#1788=EDGE_CURVE('0:254',#1924,#1923,#1926,.T.);
#1789=EDGE_CURVE('',#1927,#1928,#1929,.T.);
#1790=EDGE_CURVE('0:278',#1930,#1927,#1931,.T.);
#1791=EDGE_CURVE('',#1918,#1930,#1932,.T.);
#1792=EDGE_CURVE('0:281',#1928,#1918,#1933,.T.);
#1793=EDGE_CURVE('',#1934,#1935,#1936,.T.);
#1794=EDGE_CURVE('0:248',#1937,#1934,#1938,.T.);
#1795=EDGE_CURVE('',#1939,#1937,#1940,.T.);
#1796=EDGE_CURVE('0:233',#1939,#1935,#1941,.T.);
#1797=EDGE_CURVE('0:257',#1942,#1943,#1944,.T.);
#1798=EDGE_CURVE('0:257',#1943,#1942,#1945,.T.);
#1799=EDGE_CURVE('0:263',#1946,#1947,#1948,.T.);
#1800=EDGE_CURVE('0:263',#1947,#1946,#1949,.T.);
#1801=EDGE_CURVE('',#1950,#1951,#1952,.T.);
#1802=EDGE_CURVE('0:275',#1953,#1950,#1954,.T.);
#1803=EDGE_CURVE('',#1955,#1953,#1956,.T.);
#1804=EDGE_CURVE('0:272',#1951,#1955,#1957,.T.);
#1805=EDGE_CURVE('',#1947,#1912,#1958,.T.);
#1806=EDGE_CURVE('',#1909,#1946,#1959,.T.);
#1807=EDGE_CURVE('',#1943,#1924,#1960,.T.);
#1808=EDGE_CURVE('',#1923,#1942,#1961,.T.);
#1809=EDGE_CURVE('',#1962,#1963,#1964,.T.);
#1810=EDGE_CURVE('0:242',#1965,#1962,#1966,.T.);
#1811=EDGE_CURVE('',#1967,#1965,#1968,.T.);
#1812=EDGE_CURVE('0:224',#1963,#1967,#1969,.T.);
#1813=EDGE_CURVE('0:221',#1970,#1971,#1972,.T.);
#1814=EDGE_CURVE('0:215',#1971,#1970,#1973,.T.);
#1815=EDGE_CURVE('',#1974,#1971,#1975,.T.);
#1816=EDGE_CURVE('0:206',#1974,#1976,#1977,.T.);
#1817=EDGE_CURVE('',#1970,#1976,#1978,.T.);
#1818=EDGE_CURVE('',#1979,#1867,#1980,.T.);
#1819=EDGE_CURVE('0:182',#1981,#1979,#1982,.T.);
#1820=EDGE_CURVE('',#1983,#1981,#1984,.T.);
#1821=EDGE_CURVE('0:194',#1869,#1983,#1985,.T.);
#1822=EDGE_CURVE('',#1986,#1987,#1988,.T.);
#1823=EDGE_CURVE('0:134',#1989,#1986,#1990,.T.);
#1824=EDGE_CURVE('',#1991,#1989,#1992,.T.);
#1825=EDGE_CURVE('0:152',#1991,#1993,#1994,.T.);
#1826=EDGE_CURVE('0:164',#1993,#1995,#1996,.T.);
#1827=EDGE_CURVE('',#1997,#1995,#1998,.T.);
#1828=EDGE_CURVE('0:179',#1997,#1987,#1999,.T.);
#1829=EDGE_CURVE('',#2000,#1993,#2001,.T.);
#1830=EDGE_CURVE('0:146',#2000,#2002,#2003,.T.);
#1831=EDGE_CURVE('',#2004,#2002,#2005,.T.);
#1832=EDGE_CURVE('0:161',#1995,#2004,#2006,.T.);
#1833=EDGE_CURVE('',#2007,#2008,#2009,.T.);
#1834=EDGE_CURVE('1:2983',#2010,#2007,#2011,.T.);
#1835=EDGE_CURVE('',#2012,#2010,#2013,.T.);
#1836=EDGE_CURVE('1:2980',#2012,#2008,#2014,.F.);
#1837=EDGE_CURVE('1:2980',#2008,#2012,#2015,.F.);
#1838=EDGE_CURVE('1:2983',#2007,#2010,#2016,.T.);
#1839=EDGE_CURVE('0:131',#1920,#1910,#2017,.F.);
#1840=EDGE_CURVE('0:134',#1986,#1989,#2018,.T.);
#1841=EDGE_CURVE('0:140',#2019,#2000,#2020,.T.);
#1842=EDGE_CURVE('0:143',#2002,#2019,#2021,.T.);
#1843=EDGE_CURVE('0:155',#2004,#1991,#2022,.T.);
#1844=EDGE_CURVE('0:179',#1987,#1997,#2023,.T.);
#1845=EDGE_CURVE('0:182',#1979,#1981,#2024,.T.);
#1846=EDGE_CURVE('0:194',#1983,#1864,#2025,.T.);
#1847=EDGE_CURVE('0:209',#1976,#1974,#2026,.T.);
#1848=EDGE_CURVE('0:224',#1967,#1963,#2027,.T.);
#1849=EDGE_CURVE('0:233',#1935,#1939,#2028,.T.);
#1850=EDGE_CURVE('0:242',#1962,#1965,#2029,.T.);
#1851=EDGE_CURVE('0:248',#1934,#1937,#2030,.T.);
#1852=EDGE_CURVE('0:272',#1955,#1951,#2031,.T.);
#1853=EDGE_CURVE('0:275',#1950,#1953,#2032,.T.);
#1854=EDGE_CURVE('0:278',#1927,#1930,#2033,.T.);
#1855=EDGE_CURVE('0:281',#1918,#1928,#2034,.T.);
#1856=EDGE_CURVE('0:284',#1904,#1916,#2035,.F.);
#1857=EDGE_CURVE('0:299',#1906,#1895,#2036,.T.);
#1858=EDGE_CURVE('0:317',#1893,#1890,#2037,.T.);
#1859=EDGE_CURVE('0:323',#1883,#1887,#2038,.T.);
#1860=EDGE_CURVE('0:332',#1885,#1882,#2039,.T.);
#1861=EDGE_CURVE('0:338',#1875,#1879,#2040,.F.);
#1862=EDGE_CURVE('0:341',#1874,#1877,#2041,.F.);
#1863=EDGE_CURVE('0:347',#1871,#1865,#2042,.T.);
#1864=VERTEX_POINT('',#2043);
#1865=VERTEX_POINT('',#2044);
#1866=LINE('',#2045,#2046);
#1867=VERTEX_POINT('',#2047);
#1868=CIRCLE('',#2048,0.0045);
#1869=VERTEX_POINT('',#2049);
#1870=CIRCLE('',#2050,0.0045);
#1871=VERTEX_POINT('',#2051);
#1872=LINE('',#2052,#2053);
#1873=CIRCLE('',#2054,0.0035);
#1874=VERTEX_POINT('',#2055);
#1875=VERTEX_POINT('',#2056);
#1876=LINE('',#2057,#2058);
#1877=VERTEX_POINT('',#2059);
#1878=CIRCLE('',#2060,0.00175);
#1879=VERTEX_POINT('',#2061);
#1880=LINE('',#2062,#2063);
#1881=CIRCLE('',#2064,0.00175);
#1882=VERTEX_POINT('',#2065);
#1883=VERTEX_POINT('',#2066);
#1884=LINE('',#2067,#2068);
#1885=VERTEX_POINT('',#2069);
#1886=CIRCLE('',#2070,0.0025);
#1887=VERTEX_POINT('',#2071);
#1888=LINE('',#2072,#2073);
#1889=CIRCLE('',#2074,0.0025);
#1890=VERTEX_POINT('',#2075);
#1891=VERTEX_POINT('',#2076);
#1892=LINE('',#2077,#2078);
#1893=VERTEX_POINT('',#2079);
#1894=CIRCLE('',#2080,0.003);
#1895=VERTEX_POINT('',#2081);
#1896=LINE('',#2082,#2083);
#1897=VERTEX_POINT('',#2084);
#1898=CIRCLE('',#2085,0.003);
#1899=CIRCLE('',#2086,0.003);
#1900=VERTEX_POINT('',#2087);
#1901=CIRCLE('',#2088,0.0005);
#1902=VERTEX_POINT('',#2089);
#1903=CIRCLE('',#2090,0.0036);
#1904=VERTEX_POINT('',#2091);
#1905=CIRCLE('',#2092,0.0036);
#1906=VERTEX_POINT('',#2093);
#1907=CIRCLE('',#2094,0.0005);
#1908=CIRCLE('',#2095,0.003);
#1909=VERTEX_POINT('',#2096);
#1910=VERTEX_POINT('',#2097);
#1911=LINE('',#2098,#2099);
#1912=VERTEX_POINT('',#2100);
#1913=B_SPLINE_CURVE_WITH_KNOTS('',3,(#2101,#2102,#2103,#2104,#2105,#2106,#2107,#2108,#2109,#2110,#2111,#2112,#2113,#2114,#2115,#2116,#2117,#2118,#2119,#2120,#2121,#2122),.UNSPECIFIED.,.F.,.F.,(4,3,3,3,3,3,3,4),(0.0,9.14846412086899E-06,0.0011384225229799,0.00179533389365009,0.00209312987799766,0.00251406077245474,0.00270675314016555,0.00293499166691183),.UNSPECIFIED.);
#1914=B_SPLINE_CURVE_WITH_KNOTS('',3,(#2123,#2124,#2125,#2126,#2127,#2128,#2129,#2130,#2131,#2132,#2133,#2134,#2135,#2136,#2137,#2138,#2139,#2140,#2141,#2142,#2143,#2144,#2145,#2146,#2147),.UNSPECIFIED.,.F.,.F.,(4,3,3,3,3,3,3,3,4),(0.00293499166691183,0.00324006855796497,0.00357715249778502,0.00394355662304171,0.00422026455564101,0.0046496683662759,0.00503072648291668,0.00583215139254388,0.00584129985666474),.UNSPECIFIED.);
#1915=LINE('',#2148,#2149);
#1916=VERTEX_POINT('',#2150);
#1917=CIRCLE('',#2151,0.0036);
#1918=VERTEX_POINT('',#2152);
#1919=LINE('',#2153,#2154);
#1920=VERTEX_POINT('',#2155);
#1921=LINE('',#2156,#2157);
#1922=CIRCLE('',#2158,0.0036);
#1923=VERTEX_POINT('',#2159);
#1924=VERTEX_POINT('',#2160);
#1925=B_SPLINE_CURVE_WITH_KNOTS('',3,(#2161,#2162,#2163,#2164,#2165,#2166,#2167,#2168,#2169,#2170,#2171,#2172,#2173,#2174,#2175,#2176,#2177,#2178,#2179,#2180,#2181,#2182),.UNSPECIFIED.,.F.,.F.,(4,3,3,3,3,3,3,4),(0.0,9.14846412086899E-06,0.00113842252298723,0.00179533389366165,0.00209312987800721,0.00251406077245952,0.00270675314017264,0.00293499166691183),.UNSPECIFIED.);
#1926=B_SPLINE_CURVE_WITH_KNOTS('',3,(#2183,#2184,#2185,#2186,#2187,#2188,#2189,#2190,#2191,#2192,#2193,#2194,#2195,#2196,#2197,#2198,#2199,#2200,#2201,#2202,#2203,#2204,#2205,#2206,#2207),.UNSPECIFIED.,.F.,.F.,(4,3,3,3,3,3,3,3,4),(0.00293499166691183,0.00324006855796497,0.00357715249778493,0.00394355662304145,0.00422026455564104,0.00464966836627694,0.00503072648291695,0.00583215139254388,0.00584129985666475),.UNSPECIFIED.);
#1927=VERTEX_POINT('',#2208);
#1928=VERTEX_POINT('',#2209);
#1929=LINE('',#2210,#2211);
#1930=VERTEX_POINT('',#2212);
#1931=B_SPLINE_CURVE_WITH_KNOTS('',3,(#2213,#2214,#2215,#2216,#2217,#2218,#2219,#2220,#2221,#2222,#2223,#2224,#2225,#2226,#2227,#2228,#2229,#2230,#2231,#2232,#2233,#2234),.UNSPECIFIED.,.F.,.F.,(4,3,3,3,3,3,3,4),(0.0,0.000310803825806702,0.000618922935182158,0.000914256737189212,0.00112428047249483,0.00141940010674299,0.00165096011966301,0.00182366745227122),.UNSPECIFIED.);
#1932=LINE('',#2235,#2236);
#1933=B_SPLINE_CURVE_WITH_KNOTS('',3,(#2237,#2238,#2239,#2240,#2241,#2242,#2243,#2244,#2245,#2246,#2247,#2248,#2249,#2250,#2251,#2252,#2253,#2254,#2255,#2256,#2257,#2258,#2259,#2260,#2261),.UNSPECIFIED.,.F.,.F.,(4,3,3,3,3,3,3,3,4),(0.00293499166691183,0.00324006855796499,0.00357715249778499,0.0039435566230416,0.00422026455564103,0.00464966836627289,0.00503072648291584,0.00583215139254388,0.00584129985666474),.UNSPECIFIED.);
#1934=VERTEX_POINT('',#2262);
#1935=VERTEX_POINT('',#2263);
#1936=LINE('',#2264,#2265);
#1937=VERTEX_POINT('',#2266);
#1938=CIRCLE('',#2267,0.0045);
#1939=VERTEX_POINT('',#2268);
#1940=LINE('',#2269,#2270);
#1941=CIRCLE('',#2271,0.0045);
#1942=VERTEX_POINT('',#2272);
#1943=VERTEX_POINT('',#2273);
#1944=B_SPLINE_CURVE_WITH_KNOTS('',3,(#2274,#2275,#2276,#2277,#2278,#2279,#2280,#2281,#2282,#2283,#2284,#2285,#2286,#2287,#2288,#2289,#2290,#2291,#2292,#2293,#2294,#2295),.UNSPECIFIED.,.F.,.F.,(4,3,3,3,3,3,3,4),(0.0,0.000310803825806769,0.000618922935182137,0.000914256737189439,0.00112428047249508,0.00141940010674328,0.00165096011966315,0.00182366745227122),.UNSPECIFIED.);
#1945=B_SPLINE_CURVE_WITH_KNOTS('',3,(#2296,#2297,#2298,#2299,#2300,#2301,#2302,#2303,#2304,#2305,#2306,#2307,#2308,#2309,#2310,#2311,#2312,#2313,#2314,#2315,#2316,#2317),.UNSPECIFIED.,.F.,.F.,(4,3,3,3,3,3,3,4),(0.00182366745227122,0.00210421146481257,0.00236906893134201,0.0026380547481263,0.00285270022148404,0.00326307291309457,0.00347895895044292,0.00364501127632871),.UNSPECIFIED.);
#1946=VERTEX_POINT('',#2318);
#1947=VERTEX_POINT('',#2319);
#1948=B_SPLINE_CURVE_WITH_KNOTS('',3,(#2320,#2321,#2322,#2323,#2324,#2325,#2326,#2327,#2328,#2329,#2330,#2331,#2332,#2333,#2334,#2335,#2336,#2337,#2338,#2339,#2340,#2341),.UNSPECIFIED.,.F.,.F.,(4,3,3,3,3,3,3,4),(0.0,0.000310803825806777,0.000618922935182052,0.000914256737189507,0.00112428047249516,0.00141940010674336,0.00165096011966324,0.00182366745227122),.UNSPECIFIED.);
#1949=B_SPLINE_CURVE_WITH_KNOTS('',3,(#2342,#2343,#2344,#2345,#2346,#2347,#2348,#2349,#2350,#2351,#2352,#2353,#2354,#2355,#2356,#2357,#2358,#2359,#2360,#2361,#2362,#2363),.UNSPECIFIED.,.F.,.F.,(4,3,3,3,3,3,3,4),(0.00182366745227122,0.00210421146481257,0.00236906893134204,0.00263805474812637,0.00285270022148415,0.00326307291309466,0.00347895895044294,0.00364501127632871),.UNSPECIFIED.);
#1950=VERTEX_POINT('',#2364);
#1951=VERTEX_POINT('',#2365);
#1952=LINE('',#2366,#2367);
#1953=VERTEX_POINT('',#2368);
#1954=B_SPLINE_CURVE_WITH_KNOTS('',3,(#2369,#2370,#2371,#2372,#2373,#2374,#2375,#2376,#2377,#2378,#2379,#2380,#2381,#2382,#2383,#2384,#2385,#2386,#2387,#2388,#2389,#2390),.UNSPECIFIED.,.F.,.F.,(4,3,3,3,3,3,3,4),(0.0,0.000310803825806681,0.000618922935182116,0.000914256737189401,0.00112428047249507,0.0014194001067432,0.00165096011966315,0.00182366745227122),.UNSPECIFIED.);
#1955=VERTEX_POINT('',#2391);
#1956=LINE('',#2392,#2393);
#1957=B_SPLINE_CURVE_WITH_KNOTS('',3,(#2394,#2395,#2396,#2397,#2398,#2399,#2400,#2401,#2402,#2403,#2404,#2405,#2406,#2407,#2408,#2409,#2410,#2411,#2412,#2413,#2414,#2415,#2416,#2417,#2418),.UNSPECIFIED.,.F.,.F.,(4,3,3,3,3,3,3,3,4),(0.00293499166691194,0.0032400685579651,0.00357715249778522,0.00394355662304198,0.0042202645556411,0.00464966836674007,0.00503072648304834,0.00583215139254415,0.00584129985666485),.UNSPECIFIED.);
#1958=LINE('',#2419,#2420);
#1959=LINE('',#2421,#2422);
#1960=LINE('',#2423,#2424);
#1961=LINE('',#2425,#2426);
#1962=VERTEX_POINT('',#2427);
#1963=VERTEX_POINT('',#2428);
#1964=LINE('',#2429,#2430);
#1965=VERTEX_POINT('',#2431);
#1966=CIRCLE('',#2432,0.0065);
#1967=VERTEX_POINT('',#2433);
#1968=LINE('',#2434,#2435);
#1969=CIRCLE('',#2436,0.0065);
#1970=VERTEX_POINT('',#2437);
#1971=VERTEX_POINT('',#2438);
#1972=B_SPLINE_CURVE_WITH_KNOTS('',3,(#2439,#2440,#2441,#2442,#2443,#2444,#2445,#2446,#2447,#2448,#2449,#2450,#2451,#2452,#2453,#2454,#2455,#2456,#2457,#2458,#2459,#2460,#2461,#2462,#2463),.UNSPECIFIED.,.F.,.F.,(4,3,3,3,3,3,3,3,4),(0.0,0.107965310088198,0.219862353016363,0.355101897445972,0.497331555566454,0.665569474409375,0.845160089326951,0.95194115420133,1.0),.UNSPECIFIED.);
#1973=B_SPLINE_CURVE_WITH_KNOTS('',3,(#2464,#2465,#2466,#2467,#2468,#2469,#2470,#2471,#2472,#2473,#2474,#2475,#2476,#2477,#2478,#2479,#2480,#2481,#2482,#2483,#2484,#2485,#2486,#2487,#2488),.UNSPECIFIED.,.F.,.F.,(4,3,3,3,3,3,3,3,4),(0.0,0.107932190202422,0.21983632339358,0.355455316310322,0.498266933339094,0.663788852108356,0.844774757775421,0.951729580261451,1.0),.UNSPECIFIED.);
#1974=VERTEX_POINT('',#2489);
#1975=LINE('',#2490,#2491);
#1976=VERTEX_POINT('',#2492);
#1977=B_SPLINE_CURVE_WITH_KNOTS('',3,(#2493,#2494,#2495,#2496,#2497,#2498,#2499,#2500,#2501,#2502,#2503,#2504,#2505,#2506,#2507,#2508,#2509,#2510,#2511,#2512,#2513),.UNSPECIFIED.,.F.,.F.,(4,2,2,2,1,2,2,2,2,2,4),(0.0,0.237229375084886,0.44171372424931,0.709019941465705,0.948594316724327,0.989977195413055,1.04496685881727,1.23971942784443,1.48131347627131,1.80439813087769,2.0),.UNSPECIFIED.);
#1978=LINE('',#2514,#2515);
#1979=VERTEX_POINT('',#2516);
#1980=LINE('',#2517,#2518);
#1981=VERTEX_POINT('',#2519);
#1982=CIRCLE('',#2520,0.0045);
#1983=VERTEX_POINT('',#2521);
#1984=LINE('',#2522,#2523);
#1985=CIRCLE('',#2524,0.0045);
#1986=VERTEX_POINT('',#2525);
#1987=VERTEX_POINT('',#2526);
#1988=LINE('',#2527,#2528);
#1989=VERTEX_POINT('',#2529);
#1990=CIRCLE('',#2530,0.0065);
#1991=VERTEX_POINT('',#2531);
#1992=LINE('',#2532,#2533);
#1993=VERTEX_POINT('',#2534);
#1994=B_SPLINE_CURVE_WITH_KNOTS('',3,(#2535,#2536,#2537,#2538,#2539,#2540,#2541,#2542,#2543,#2544,#2545,#2546,#2547,#2548,#2549,#2550),.UNSPECIFIED.,.F.,.F.,(4,3,3,3,3,4),(0.0,0.153963926698434,0.283704038931006,0.509073733444918,0.772265647731354,1.0),.UNSPECIFIED.);
#1995=VERTEX_POINT('',#2551);
#1996=B_SPLINE_CURVE_WITH_KNOTS('',3,(#2552,#2553,#2554,#2555,#2556,#2557,#2558,#2559,#2560,#2561,#2562,#2563,#2564,#2565,#2566,#2567),.UNSPECIFIED.,.F.,.F.,(4,3,3,3,3,4),(0.0,0.212798878184213,0.469068499301978,0.734534249650989,0.907693299557758,1.0),.UNSPECIFIED.);
#1997=VERTEX_POINT('',#2568);
#1998=LINE('',#2569,#2570);
#1999=CIRCLE('',#2571,0.0065);
#2000=VERTEX_POINT('',#2572);
#2001=LINE('',#2573,#2574);
#2002=VERTEX_POINT('',#2575);
#2003=CIRCLE('',#2576,0.004);
#2004=VERTEX_POINT('',#2577);
#2005=LINE('',#2578,#2579);
#2006=B_SPLINE_CURVE_WITH_KNOTS('',3,(#2580,#2581,#2582,#2583,#2584,#2585,#2586,#2587,#2588,#2589,#2590,#2591,#2592,#2593,#2594,#2595,#2596,#2597,#2598),.UNSPECIFIED.,.F.,.F.,(4,3,3,3,3,3,4),(0.0,0.160869092804749,0.289846317403795,0.507346457105023,0.742181034345876,0.986271488790566,1.0),.UNSPECIFIED.);
#2007=VERTEX_POINT('',#2599);
#2008=VERTEX_POINT('',#2600);
#2009=LINE('',#2601,#2602);
#2010=VERTEX_POINT('',#2603);
#2011=CIRCLE('',#2604,0.024);
#2012=VERTEX_POINT('',#2605);
#2013=LINE('',#2606,#2607);
#2014=CIRCLE('',#2608,0.024);
#2015=CIRCLE('',#2609,0.024);
#2016=CIRCLE('',#2610,0.024);
#2017=CIRCLE('',#2611,0.0036);
#2018=CIRCLE('',#2612,0.0065);
#2019=VERTEX_POINT('',#2613);
#2020=ELLIPSE('',#2614,0.00400463643857298,0.004);
#2021=ELLIPSE('',#2615,0.00400463643857298,0.004);
#2022=B_SPLINE_CURVE_WITH_KNOTS('',3,(#2616,#2617,#2618,#2619,#2620,#2621,#2622,#2623,#2624,#2625,#2626,#2627,#2628,#2629,#2630,#2631),.UNSPECIFIED.,.F.,.F.,(4,3,3,3,3,4),(0.0,0.228142738305435,0.489339074780765,0.751555666882868,0.909450897343105,1.0),.UNSPECIFIED.);
#2023=CIRCLE('',#2632,0.0065);
#2024=CIRCLE('',#2633,0.0045);
#2025=CIRCLE('',#2634,0.0045);
#2026=B_SPLINE_CURVE_WITH_KNOTS('',3,(#2635,#2636,#2637,#2638,#2639,#2640,#2641,#2642,#2643,#2644,#2645,#2646,#2647,#2648,#2649,#2650,#2651,#2652,#2653,#2654),.UNSPECIFIED.,.F.,.F.,(4,2,2,2,2,2,2,2,2,4),(0.0,0.25,0.524209262923724,0.800254752454588,0.993282548955068,1.0381974572932,1.23330117875013,1.48009954869987,1.80290198714803,2.0),.UNSPECIFIED.);
#2027=CIRCLE('',#2655,0.0065);
#2028=CIRCLE('',#2656,0.0045);
#2029=CIRCLE('',#2657,0.0065);
#2030=CIRCLE('',#2658,0.0045);
#2031=B_SPLINE_CURVE_WITH_KNOTS('',3,(#2659,#2660,#2661,#2662,#2663,#2664,#2665,#2666,#2667,#2668,#2669,#2670,#2671,#2672,#2673,#2674,#2675,#2676,#2677,#2678,#2679,#2680),.UNSPECIFIED.,.F.,.F.,(4,3,3,3,3,3,3,4),(0.0,9.14846412070624E-06,0.00113842252568465,0.00179533389790569,0.00209312988151007,0.002514060774211,0.00270675314282022,0.00293499166691194),.UNSPECIFIED.);
#2032=B_SPLINE_CURVE_WITH_KNOTS('',3,(#2681,#2682,#2683,#2684,#2685,#2686,#2687,#2688,#2689,#2690,#2691,#2692,#2693,#2694,#2695,#2696,#2697,#2698,#2699,#2700,#2701,#2702),.UNSPECIFIED.,.F.,.F.,(4,3,3,3,3,3,3,4),(0.00182366745227122,0.00210421146481255,0.00236906893134193,0.00263805474812594,0.00285270022148365,0.00326307291309435,0.00347895895044269,0.00364501127632871),.UNSPECIFIED.);
#2033=B_SPLINE_CURVE_WITH_KNOTS('',3,(#2703,#2704,#2705,#2706,#2707,#2708,#2709,#2710,#2711,#2712,#2713,#2714,#2715,#2716,#2717,#2718,#2719,#2720,#2721,#2722,#2723,#2724),.UNSPECIFIED.,.F.,.F.,(4,3,3,3,3,3,3,4),(0.00182366745227122,0.00210421146481258,0.00236906893134207,0.00263805474812645,0.00285270022148416,0.00326307291309466,0.0034789589504429,0.00364501127632871),.UNSPECIFIED.);
#2034=B_SPLINE_CURVE_WITH_KNOTS('',3,(#2725,#2726,#2727,#2728,#2729,#2730,#2731,#2732,#2733,#2734,#2735,#2736,#2737,#2738,#2739,#2740,#2741,#2742,#2743,#2744,#2745,#2746),.UNSPECIFIED.,.F.,.F.,(4,3,3,3,3,3,3,4),(0.0,9.148464120869E-06,0.00113842252290975,0.00179533389353971,0.0020931298779066,0.00251406077240921,0.00270675314009665,0.00293499166691183),.UNSPECIFIED.);
#2035=CIRCLE('',#2747,0.0036);
#2036=CIRCLE('',#2748,0.003);
#2037=CIRCLE('',#2749,0.003);
#2038=CIRCLE('',#2750,0.0025);
#2039=CIRCLE('',#2751,0.0025);
#2040=CIRCLE('',#2752,0.00175);
#2041=CIRCLE('',#2753,0.00175);
#2042=CIRCLE('',#2754,0.0035);
#2043=CARTESIAN_POINT('',(5.51091059616309E-19,0.02466,-0.0045));
#2044=CARTESIAN_POINT('',(4.28626379701574E-19,0.02566,-0.0035));
#2045=CARTESIAN_POINT('',(4.89858719656614E-19,0.0251600000000188,-0.003999999999981));
#2046=VECTOR('',#2755,1.0);
#2047=CARTESIAN_POINT('',(0.0045,0.02466,5.51091059616309E-19));
#2048=AXIS2_PLACEMENT_3D('',#2756,#2757,#2758);
#2049=CARTESIAN_POINT('',(-5.51091059616309E-19,0.02466,0.0045));
#2050=AXIS2_PLACEMENT_3D('',#2759,#2760,#2761);
#2051=CARTESIAN_POINT('',(-4.28626379701574E-19,0.02566,0.0035));
#2052=CARTESIAN_POINT('',(-4.89858719656614E-19,0.0251600000000188,0.003999999999981));
#2053=VECTOR('',#2762,1.0);
#2054=AXIS2_PLACEMENT_3D('',#2763,#2764,#2765);
#2055=CARTESIAN_POINT('',(0.00175,0.02566,2.14313189850787E-19));
#2056=CARTESIAN_POINT('',(0.00175,0.02366,2.14313189850787E-19));
#2057=CARTESIAN_POINT('',(0.00175,0.02466,2.14313189850787E-19));
#2058=VECTOR('',#2766,1.0);
#2059=CARTESIAN_POINT('',(-0.00175,0.02566,-2.14313189850787E-19));
#2060=AXIS2_PLACEMENT_3D('',#2767,#2768,#2769);
#2061=CARTESIAN_POINT('',(-0.00175,0.02366,-2.14313189850787E-19));
#2062=CARTESIAN_POINT('',(-0.00175,0.02466,-2.14313189850787E-19));
#2063=VECTOR('',#2770,1.0);
#2064=AXIS2_PLACEMENT_3D('',#2771,#2772,#2773);
#2065=CARTESIAN_POINT('',(0.0025,0.02366,3.06161699786838E-19));
#2066=CARTESIAN_POINT('',(0.0025,0.00516,3.06161699786838E-19));
#2067=CARTESIAN_POINT('',(0.0025,0.01441,3.06161699786838E-19));
#2068=VECTOR('',#2774,1.0);
#2069=CARTESIAN_POINT('',(-0.0025,0.02366,3.06161699786838E-19));
#2070=AXIS2_PLACEMENT_3D('',#2775,#2776,#2777);
#2071=CARTESIAN_POINT('',(-0.0025,0.00516,3.06161699786838E-19));
#2072=CARTESIAN_POINT('',(-0.0025,0.01441,-3.06161699786838E-19));
#2073=VECTOR('',#2778,1.0);
#2074=AXIS2_PLACEMENT_3D('',#2779,#2780,#2781);
#2075=CARTESIAN_POINT('',(0.003,0.00516,3.67394039744206E-19));
#2076=CARTESIAN_POINT('',(0.003,0.00816,3.67394039744206E-19));
#2077=CARTESIAN_POINT('',(0.003,0.00666,3.67394039744206E-19));
#2078=VECTOR('',#2782,1.0);
#2079=CARTESIAN_POINT('',(-0.003,0.00516,0.0));
#2080=AXIS2_PLACEMENT_3D('',#2783,#2784,#2785);
#2081=CARTESIAN_POINT('',(-0.003,0.00816,3.67394039744206E-19));
#2082=CARTESIAN_POINT('',(-0.003,0.00666,-3.67394039744206E-19));
#2083=VECTOR('',#2786,1.0);
#2084=CARTESIAN_POINT('',(0.00299967158586312,0.00816,4.43889284102121E-05));
#2085=AXIS2_PLACEMENT_3D('',#2787,#2788,#2789);
#2086=AXIS2_PLACEMENT_3D('',#2790,#2791,#2792);
#2087=CARTESIAN_POINT('',(0.00359960590302924,0.00864989794859118,5.32667140921583E-05));
#2088=AXIS2_PLACEMENT_3D('',#2793,#2794,#2795);
#2089=CARTESIAN_POINT('',(0.0036,0.00864989794855664,4.40872847693047E-19));
#2090=AXIS2_PLACEMENT_3D('',#2796,#2797,#2798);
#2091=CARTESIAN_POINT('',(-0.00359960590303575,0.00864989794855664,-5.32667140922546E-05));
#2092=AXIS2_PLACEMENT_3D('',#2799,#2800,#2801);
#2093=CARTESIAN_POINT('',(-0.00299967158586312,0.00816,-4.43889284102121E-05));
#2094=AXIS2_PLACEMENT_3D('',#2802,#2803,#2804);
#2095=AXIS2_PLACEMENT_3D('',#2805,#2806,#2807);
#2096=CARTESIAN_POINT('',(0.0036,0.00666,-4.33680868994202E-19));
#2097=CARTESIAN_POINT('',(0.0036,-0.00134000000000001,4.40872847693047E-19));
#2098=CARTESIAN_POINT('',(0.0036,0.00365494897429558,4.40872847693047E-19));
#2099=VECTOR('',#2808,1.0);
#2100=CARTESIAN_POINT('',(0.0026,0.00666,0.00248997991959775));
#2101=CARTESIAN_POINT('',(0.0036,0.00666,-4.33680868994202E-19));
#2102=CARTESIAN_POINT('',(0.0036,0.00665893507258304,2.85750011451767E-06));
#2103=CARTESIAN_POINT('',(0.00359999564517569,0.00665765716152283,6.28649817241087E-06));
#2104=CARTESIAN_POINT('',(0.0035999883871129,0.0066565922511481,9.14399542038579E-06));
#2105=CARTESIAN_POINT('',(0.00359909246164218,0.00652514115232923,0.000361869597528643));
#2106=CARTESIAN_POINT('',(0.00354223287355077,0.00637861651385572,0.000750156054628095));
#2107=CARTESIAN_POINT('',(0.0034218454452805,0.00627735720397191,0.00111846937759293));
#2108=CARTESIAN_POINT('',(0.00335181472962199,0.00621845352906052,0.00133272136357176));
#2109=CARTESIAN_POINT('',(0.00326127832222024,0.00617478934918575,0.00154038541573283));
#2110=CARTESIAN_POINT('',(0.0031549683640901,0.006163030706231,0.00173383235106242));
#2111=CARTESIAN_POINT('',(0.00310677513736149,0.00615770019010715,0.00182152716515389));
#2112=CARTESIAN_POINT('',(0.00305503912889506,0.00615849734116799,0.00190728480520369));
#2113=CARTESIAN_POINT('',(0.00299693103889969,0.00617073852669794,0.00199459378021682));
#2114=CARTESIAN_POINT('',(0.00291479598140208,0.00618804128914326,0.00211800392299268));
#2115=CARTESIAN_POINT('',(0.00282335141809286,0.00622948487617775,0.00223671250379669));
#2116=CARTESIAN_POINT('',(0.00274631594378497,0.00630657732333751,0.0023276057949989));
#2117=CARTESIAN_POINT('',(0.00271105089639219,0.00634186845157601,0.00236921462847114));
#2118=CARTESIAN_POINT('',(0.00267766213722671,0.00638549326408605,0.0024065942018427));
#2119=CARTESIAN_POINT('',(0.00265085144653815,0.0064403057194119,0.00243577228171819));
#2120=CARTESIAN_POINT('',(0.00261909496019411,0.00650522948468367,0.00247033287196461));
#2121=CARTESIAN_POINT('',(0.0026,0.00658392049108457,0.00248997991959775));
#2122=CARTESIAN_POINT('',(0.0026,0.00666,0.00248997991959775));
#2123=CARTESIAN_POINT('',(0.0026,0.00666,0.00248997991959775));
#2124=CARTESIAN_POINT('',(0.0026,0.00676169229701771,0.00248997991959775));
#2125=CARTESIAN_POINT('',(0.0026342226662323,0.00686296432703116,0.002454901143843));
#2126=CARTESIAN_POINT('',(0.00268439048861381,0.00693797254189098,0.00239875961793585));
#2127=CARTESIAN_POINT('',(0.00273982165274483,0.0070208502206838,0.00233672802099986));
#2128=CARTESIAN_POINT('',(0.00280628128702405,0.0070719182658291,0.00225785009290688));
#2129=CARTESIAN_POINT('',(0.00287516345366463,0.00710659660481466,0.00216643373189933));
#2130=CARTESIAN_POINT('',(0.00295003711874401,0.00714429132995684,0.00206706580648883));
#2131=CARTESIAN_POINT('',(0.0030260159269403,0.00715855207588281,0.00195409969185407));
#2132=CARTESIAN_POINT('',(0.00308946691555079,0.00715988904182027,0.00184802439857192));
#2133=CARTESIAN_POINT('',(0.0031373850220063,0.00716089871680755,0.0017679164710659));
#2134=CARTESIAN_POINT('',(0.00318312729403389,0.00715510391895159,0.00168445865544529));
#2135=CARTESIAN_POINT('',(0.00322679619835881,0.00714365558415235,0.00159617865361529));
#2136=CARTESIAN_POINT('',(0.00329456293618676,0.00712588970898558,0.00145918305384134));
#2137=CARTESIAN_POINT('',(0.00335482637373326,0.00709440306324141,0.00131407317485324));
#2138=CARTESIAN_POINT('',(0.003402849042705,0.0070578472789057,0.00117499718832075));
#2139=CARTESIAN_POINT('',(0.00344546493790951,0.00702540723532364,0.00105157948175762));
#2140=CARTESIAN_POINT('',(0.0034783726944585,0.00699066079840672,0.000936741861077372));
#2141=CARTESIAN_POINT('',(0.00350737725524894,0.00694990303880064,0.000811359839628783));
#2142=CARTESIAN_POINT('',(0.00356837838997129,0.0068641830859051,0.00054766180822578));
#2143=CARTESIAN_POINT('',(0.00359935256537966,0.00675669616202756,0.000259466830320525));
#2144=CARTESIAN_POINT('',(0.0035999883871129,0.0066634077488519,9.14399542038569E-06));
#2145=CARTESIAN_POINT('',(0.00359999564517569,0.00666234283847717,6.28649817241122E-06));
#2146=CARTESIAN_POINT('',(0.0036,0.00666106492741696,2.85750011451749E-06));
#2147=CARTESIAN_POINT('',(0.0036,0.00666,-4.33680868994202E-19));
#2148=CARTESIAN_POINT('',(0.0036,0.00365494897429558,4.40872847693047E-19));
#2149=VECTOR('',#2809,1.0);
#2150=CARTESIAN_POINT('',(-0.0036,0.00864989794855664,-4.40872847693047E-19));
#2151=AXIS2_PLACEMENT_3D('',#2810,#2811,#2812);
#2152=CARTESIAN_POINT('',(-0.0036,0.00666,0.0));
#2153=CARTESIAN_POINT('',(-0.0036,0.00365494897429558,-4.40872847693047E-19));
#2154=VECTOR('',#2813,1.0);
#2155=CARTESIAN_POINT('',(-0.0036,-0.00134000000000001,4.40872847693047E-19));
#2156=CARTESIAN_POINT('',(-0.0036,0.00365494897429558,-4.40872847693047E-19));
#2157=VECTOR('',#2814,1.0);
#2158=AXIS2_PLACEMENT_3D('',#2815,#2816,#2817);
#2159=CARTESIAN_POINT('',(8.67361737988404E-19,0.00666,0.0036));
#2160=CARTESIAN_POINT('',(-0.00248997991959775,0.00666,0.0026));
#2161=CARTESIAN_POINT('',(6.50521303491303E-19,0.00666,0.0036));
#2162=CARTESIAN_POINT('',(-2.85750011451745E-06,0.00665893507258304,0.0036));
#2163=CARTESIAN_POINT('',(-6.28649817241064E-06,0.00665765716152283,0.00359999564517569));
#2164=CARTESIAN_POINT('',(-9.14399542038558E-06,0.0066565922511481,0.0035999883871129));
#2165=CARTESIAN_POINT('',(-0.000361869597530937,0.00652514115232838,0.00359909246164217));
#2166=CARTESIAN_POINT('',(-0.000750156054633122,0.0063786165138538,0.00354223287354998));
#2167=CARTESIAN_POINT('',(-0.00111846937760011,0.00627735720396993,0.00342184544527815));
#2168=CARTESIAN_POINT('',(-0.00133272136358017,0.00621845352905852,0.00335181472961874));
#2169=CARTESIAN_POINT('',(-0.00154038541574228,0.00617478934918405,0.00326127832221586));
#2170=CARTESIAN_POINT('',(-0.00173383235107263,0.00616303070623038,0.00315496836408449));
#2171=CARTESIAN_POINT('',(-0.00182152716516329,0.00615770019010709,0.00310677513735595));
#2172=CARTESIAN_POINT('',(-0.0019072848052128,0.0061584973411685,0.00305503912888935));
#2173=CARTESIAN_POINT('',(-0.00199459378022522,0.00617073852669912,0.0029969310388941));
#2174=CARTESIAN_POINT('',(-0.00211800392299951,0.0061880412891453,0.00291479598139703));
#2175=CARTESIAN_POINT('',(-0.00223671250380143,0.00622948487618045,0.00282335141808902));
#2176=CARTESIAN_POINT('',(-0.002327605795002,0.00630657732334013,0.00274631594378235));
#2177=CARTESIAN_POINT('',(-0.00236921462847445,0.00634186845157943,0.0027110508963893));
#2178=CARTESIAN_POINT('',(-0.00240659420184629,0.00638549326409077,0.00267766213722348));
#2179=CARTESIAN_POINT('',(-0.00243577228172141,0.00644030571941795,0.00265085144653519));
#2180=CARTESIAN_POINT('',(-0.00247033287196591,0.0065052294846885,0.00261909496019284));
#2181=CARTESIAN_POINT('',(-0.00248997991959775,0.00658392049108694,0.0026));
#2182=CARTESIAN_POINT('',(-0.00248997991959775,0.00666,0.0026));
#2183=CARTESIAN_POINT('',(-0.00248997991959775,0.00666,0.0026));
#2184=CARTESIAN_POINT('',(-0.00248997991959775,0.00676169229701771,0.0026));
#2185=CARTESIAN_POINT('',(-0.002454901143843,0.00686296432703116,0.0026342226662323));
#2186=CARTESIAN_POINT('',(-0.00239875961793585,0.00693797254189097,0.0026843904886138));
#2187=CARTESIAN_POINT('',(-0.00233672802099988,0.00702085022068377,0.00273982165274481));
#2188=CARTESIAN_POINT('',(-0.00225785009290693,0.00707191826582907,0.00280628128702401));
#2189=CARTESIAN_POINT('',(-0.00216643373189941,0.00710659660481463,0.00287516345366457));
#2190=CARTESIAN_POINT('',(-0.00206706580648896,0.00714429132995681,0.00295003711874392));
#2191=CARTESIAN_POINT('',(-0.00195409969185426,0.0071585520758828,0.00302601592694018));
#2192=CARTESIAN_POINT('',(-0.00184802439857214,0.00715988904182027,0.00308946691555066));
#2193=CARTESIAN_POINT('',(-0.00176791647106603,0.00716089871680756,0.00313738502200623));
#2194=CARTESIAN_POINT('',(-0.00168445865544535,0.0071551039189516,0.00318312729403385));
#2195=CARTESIAN_POINT('',(-0.00159617865361527,0.00714365558415235,0.00322679619835882));
#2196=CARTESIAN_POINT('',(-0.00145918305384099,0.00712588970898554,0.00329456293618693));
#2197=CARTESIAN_POINT('',(-0.00131407317485254,0.00709440306324126,0.00335482637373355));
#2198=CARTESIAN_POINT('',(-0.00117499718831975,0.00705784727890543,0.00340284904270535));
#2199=CARTESIAN_POINT('',(-0.00105157948175688,0.00702540723532342,0.00344546493790972));
#2200=CARTESIAN_POINT('',(-0.000936741861076863,0.00699066079840656,0.00347837269445863));
#2201=CARTESIAN_POINT('',(-0.00081135983962852,0.00694990303880055,0.003507377255249));
#2202=CARTESIAN_POINT('',(-0.000547661808225588,0.00686418308590503,0.00356837838997131));
#2203=CARTESIAN_POINT('',(-0.000259466830320442,0.00675669616202752,0.00359935256537966));
#2204=CARTESIAN_POINT('',(-9.14399542038547E-06,0.0066634077488519,0.0035999883871129));
#2205=CARTESIAN_POINT('',(-6.286498172411E-06,0.00666234283847717,0.00359999564517569));
#2206=CARTESIAN_POINT('',(-2.85750011451727E-06,0.00666106492741696,0.0036));
#2207=CARTESIAN_POINT('',(6.50521303491303E-19,0.00666,0.0036));
#2208=CARTESIAN_POINT('',(-0.0026,0.00666,-0.00367287353444139));
#2209=CARTESIAN_POINT('',(-0.0026,0.00666,-0.00248997991959775));
#2210=CARTESIAN_POINT('',(-0.0026,0.00666,-0.00183540464378479));
#2211=VECTOR('',#2818,1.0);
#2212=CARTESIAN_POINT('',(-0.0036,0.00666,-0.0027));
#2213=CARTESIAN_POINT('',(-0.0036,0.00666,-0.0027));
#2214=CARTESIAN_POINT('',(-0.0036,0.0067636012752689,-0.0027));
#2215=CARTESIAN_POINT('',(-0.00356625705897506,0.00686141422515713,-0.00274554886814722));
#2216=CARTESIAN_POINT('',(-0.00351702597626947,0.00693584295371913,-0.00280722786432555));
#2217=CARTESIAN_POINT('',(-0.00346822015054495,0.00700962876860397,-0.00286837407872723));
#2218=CARTESIAN_POINT('',(-0.00340965997017092,0.00706043292770918,-0.00293851949679937));
#2219=CARTESIAN_POINT('',(-0.00334042090284206,0.00709840368323796,-0.00301522605982633));
#2220=CARTESIAN_POINT('',(-0.00327405488924719,0.00713479885398256,-0.00308874970768953));
#2221=CARTESIAN_POINT('',(-0.00319924300773435,0.00715536970670685,-0.00316621981989262));
#2222=CARTESIAN_POINT('',(-0.00312695824197438,0.00715927272425965,-0.00323606739005054));
#2223=CARTESIAN_POINT('',(-0.00307555364010548,0.00716204831689358,-0.00328573880418226));
#2224=CARTESIAN_POINT('',(-0.00302260621574524,0.00715727151713802,-0.00333455084462712));
#2225=CARTESIAN_POINT('',(-0.00296747787205472,0.00714211812411986,-0.00338290926258237));
#2226=CARTESIAN_POINT('',(-0.00289001302455557,0.00712082498885289,-0.00345086119477234));
#2227=CARTESIAN_POINT('',(-0.00281224005819204,0.00707791919400192,-0.00351388630196823));
#2228=CARTESIAN_POINT('',(-0.0027504699002711,0.00701753141034531,-0.00356158887685014));
#2229=CARTESIAN_POINT('',(-0.00270200311966302,0.00697014928343478,-0.00359901779574981));
#2230=CARTESIAN_POINT('',(-0.00265761538911384,0.00690586502690523,-0.00363155469687018));
#2231=CARTESIAN_POINT('',(-0.00263059559406578,0.00683221934760515,-0.00365102270884224));
#2232=CARTESIAN_POINT('',(-0.00261044307864861,0.00677729125933272,-0.00366554278239241));
#2233=CARTESIAN_POINT('',(-0.0026,0.0067175691108694,-0.00367287353444139));
#2234=CARTESIAN_POINT('',(-0.0026,0.00666,-0.00367287353444139));
#2235=CARTESIAN_POINT('',(-0.0036,0.00666,-0.00183540464378479));
#2236=VECTOR('',#2819,1.0);
#2237=CARTESIAN_POINT('',(-0.0026,0.00666,-0.00248997991959775));
#2238=CARTESIAN_POINT('',(-0.0026,0.00676169229701772,-0.00248997991959775));
#2239=CARTESIAN_POINT('',(-0.00263422266623231,0.00686296432703118,-0.00245490114384299));
#2240=CARTESIAN_POINT('',(-0.00268439048861382,0.00693797254189099,-0.00239875961793583));
#2241=CARTESIAN_POINT('',(-0.00273982165274484,0.00702085022068379,-0.00233672802099985));
#2242=CARTESIAN_POINT('',(-0.00280628128702404,0.00707191826582909,-0.00225785009290689));
#2243=CARTESIAN_POINT('',(-0.00287516345366461,0.00710659660481465,-0.00216643373189936));
#2244=CARTESIAN_POINT('',(-0.00295003711874398,0.00714429132995683,-0.00206706580648888));
#2245=CARTESIAN_POINT('',(-0.00302601592694025,0.00715855207588281,-0.00195409969185415));
#2246=CARTESIAN_POINT('',(-0.00308946691555073,0.00715988904182027,-0.00184802439857201));
#2247=CARTESIAN_POINT('',(-0.00313738502200628,0.00716089871680756,-0.00176791647106595));
#2248=CARTESIAN_POINT('',(-0.00318312729403388,0.00715510391895159,-0.00168445865544531));
#2249=CARTESIAN_POINT('',(-0.00322679619835882,0.00714365558415235,-0.00159617865361527));
#2250=CARTESIAN_POINT('',(-0.00329456293618629,0.0071258897089857,-0.00145918305384228));
#2251=CARTESIAN_POINT('',(-0.00335482637373243,0.00709440306324186,-0.00131407317485527));
#2252=CARTESIAN_POINT('',(-0.00340284904270399,0.00705784727890646,-0.00117499718832368));
#2253=CARTESIAN_POINT('',(-0.00344546493790889,0.00702540723532429,-0.00105157948175976));
#2254=CARTESIAN_POINT('',(-0.00347837269445812,0.0069906607984072,-0.000936741861078889));
#2255=CARTESIAN_POINT('',(-0.00350737725524874,0.0069499030388009,-0.00081135983962961));
#2256=CARTESIAN_POINT('',(-0.00356837838997122,0.00686418308590532,-0.000547661808226382));
#2257=CARTESIAN_POINT('',(-0.00359935256537966,0.00675669616202767,-0.000259466830320783));
#2258=CARTESIAN_POINT('',(-0.0035999883871129,0.0066634077488519,-9.14399542038613E-06));
#2259=CARTESIAN_POINT('',(-0.00359999564517569,0.00666234283847717,-6.28649817241168E-06));
#2260=CARTESIAN_POINT('',(-0.0036,0.00666106492741696,-2.85750011451792E-06));
#2261=CARTESIAN_POINT('',(-0.0036,0.00666,0.0));
#2262=CARTESIAN_POINT('',(0.0045,0.00115999999999999,5.51091059616309E-19));
#2263=CARTESIAN_POINT('',(0.0045,0.01366,5.51091059616309E-19));
#2264=CARTESIAN_POINT('',(0.0045,0.00740999999999999,5.51091059616309E-19));
#2265=VECTOR('',#2820,1.0);
#2266=CARTESIAN_POINT('',(-0.0045,0.00115999999999999,5.51091059616309E-19));
#2267=AXIS2_PLACEMENT_3D('',#2821,#2822,#2823);
#2268=CARTESIAN_POINT('',(-0.0045,0.01366,5.51091059616309E-19));
#2269=CARTESIAN_POINT('',(-0.0045,0.00740999999999999,-5.51091059616309E-19));
#2270=VECTOR('',#2824,1.0);
#2271=AXIS2_PLACEMENT_3D('',#2825,#2826,#2827);
#2272=CARTESIAN_POINT('',(-0.0027,0.00666,0.0036));
#2273=CARTESIAN_POINT('',(-0.00367287353444139,0.00666,0.0026));
#2274=CARTESIAN_POINT('',(-0.0027,0.00666,0.0036));
#2275=CARTESIAN_POINT('',(-0.0027,0.00676360127526892,0.0036));
#2276=CARTESIAN_POINT('',(-0.00274554886814724,0.00686141422515718,0.00356625705897504));
#2277=CARTESIAN_POINT('',(-0.00280722786432559,0.00693584295371918,0.00351702597626944));
#2278=CARTESIAN_POINT('',(-0.00286837407872726,0.00700962876860399,0.00346822015054492));
#2279=CARTESIAN_POINT('',(-0.00293851949679938,0.00706043292770918,0.00340965997017091));
#2280=CARTESIAN_POINT('',(-0.00301522605982631,0.00709840368323795,0.00334042090284208));
#2281=CARTESIAN_POINT('',(-0.00308874970768958,0.00713479885398259,0.00327405488924715));
#2282=CARTESIAN_POINT('',(-0.00316621981989273,0.00715536970670688,0.00319924300773424));
#2283=CARTESIAN_POINT('',(-0.0032360673900507,0.00715927272425966,0.00312695824197421));
#2284=CARTESIAN_POINT('',(-0.00328573880418242,0.00716204831689357,0.00307555364010531));
#2285=CARTESIAN_POINT('',(-0.00333455084462729,0.00715727151713799,0.00302260621574505));
#2286=CARTESIAN_POINT('',(-0.00338290926258254,0.00714211812411981,0.00296747787205453));
#2287=CARTESIAN_POINT('',(-0.00345086119477251,0.0071208249888528,0.00289001302455537));
#2288=CARTESIAN_POINT('',(-0.0035138863019684,0.00707791919400178,0.00281224005819184));
#2289=CARTESIAN_POINT('',(-0.00356158887685028,0.00701753141034514,0.00275046990027092));
#2290=CARTESIAN_POINT('',(-0.0035990177957499,0.00697014928343461,0.0027020031196629));
#2291=CARTESIAN_POINT('',(-0.00363155469687024,0.00690586502690506,0.00265761538911375));
#2292=CARTESIAN_POINT('',(-0.00365102270884227,0.00683221934760502,0.00263059559406573));
#2293=CARTESIAN_POINT('',(-0.00366554278239242,0.00677729125933263,0.0026104430786486));
#2294=CARTESIAN_POINT('',(-0.00367287353444139,0.00671756911086936,0.0026));
#2295=CARTESIAN_POINT('',(-0.00367287353444139,0.00666,0.0026));
#2296=CARTESIAN_POINT('',(-0.00367287353444139,0.00666,0.0026));
#2297=CARTESIAN_POINT('',(-0.00367287353444139,0.00656648532915288,0.0026));
#2298=CARTESIAN_POINT('',(-0.00365204372721375,0.00646694715116703,0.00262988691059281));
#2299=CARTESIAN_POINT('',(-0.00361569226778429,0.00639034036368407,0.00267894931357144));
#2300=CARTESIAN_POINT('',(-0.00358137339082122,0.00631801702493984,0.00272526840495768));
#2301=CARTESIAN_POINT('',(-0.00353706352276114,0.00626572192813213,0.00278323829479947));
#2302=CARTESIAN_POINT('',(-0.00348321506227815,0.00622752424694556,0.00284907227530623));
#2303=CARTESIAN_POINT('',(-0.00342852726240077,0.00618873117606156,0.00291593241427385));
#2304=CARTESIAN_POINT('',(-0.00336501549737556,0.00616770529593951,0.00298918273215863));
#2305=CARTESIAN_POINT('',(-0.00330222676028788,0.00616185173378754,0.00305700808367243));
#2306=CARTESIAN_POINT('',(-0.00325212256388511,0.00615718070453418,0.00311113140086209));
#2307=CARTESIAN_POINT('',(-0.00320215006117294,0.00616101447771397,0.00316256987262837));
#2308=CARTESIAN_POINT('',(-0.00314862303042708,0.00617340277484414,0.00321499191480541));
#2309=CARTESIAN_POINT('',(-0.00304628669256969,0.00619708749904658,0.00331521566614472));
#2310=CARTESIAN_POINT('',(-0.00293797195896068,0.00625357222185515,0.00341033680660061));
#2311=CARTESIAN_POINT('',(-0.00285298820509791,0.00633504825946941,0.00348000837665259));
#2312=CARTESIAN_POINT('',(-0.00280828053756668,0.00637791061181151,0.00351666071605493));
#2313=CARTESIAN_POINT('',(-0.0027638555443319,0.00643423939701921,0.00355139743081342));
#2314=CARTESIAN_POINT('',(-0.00273499123502995,0.00649935051152629,0.00357348890362197));
#2315=CARTESIAN_POINT('',(-0.00271278977284394,0.00654943180505373,0.00359048092629819));
#2316=CARTESIAN_POINT('',(-0.0027,0.00660464922470473,0.0036));
#2317=CARTESIAN_POINT('',(-0.0027,0.00666,0.0036));
#2318=CARTESIAN_POINT('',(0.0036,0.00666,0.0027));
#2319=CARTESIAN_POINT('',(0.0026,0.00666,0.00367287353444139));
#2320=CARTESIAN_POINT('',(0.0036,0.00666,0.0027));
#2321=CARTESIAN_POINT('',(0.0036,0.00676360127526893,0.0027));
#2322=CARTESIAN_POINT('',(0.00356625705897504,0.00686141422515718,0.00274554886814725));
#2323=CARTESIAN_POINT('',(0.00351702597626943,0.00693584295371919,0.0028072278643256));
#2324=CARTESIAN_POINT('',(0.00346822015054493,0.00700962876860397,0.00286837407872725));
#2325=CARTESIAN_POINT('',(0.00340965997017094,0.00706043292770915,0.00293851949679934));
#2326=CARTESIAN_POINT('',(0.00334042090284214,0.00709840368323792,0.00301522605982625));
#2327=CARTESIAN_POINT('',(0.00327405488924718,0.00713479885398258,0.00308874970768955));
#2328=CARTESIAN_POINT('',(0.00319924300773422,0.00715536970670689,0.00316621981989275));
#2329=CARTESIAN_POINT('',(0.00312695824197416,0.00715927272425966,0.00323606739005075));
#2330=CARTESIAN_POINT('',(0.00307555364010526,0.00716204831689357,0.00328573880418247));
#2331=CARTESIAN_POINT('',(0.00302260621574499,0.00715727151713799,0.00333455084462734));
#2332=CARTESIAN_POINT('',(0.00296747787205447,0.00714211812411979,0.00338290926258259));
#2333=CARTESIAN_POINT('',(0.0028900130245553,0.00712082498885277,0.00345086119477256));
#2334=CARTESIAN_POINT('',(0.00281224005819177,0.00707791919400174,0.00351388630196844));
#2335=CARTESIAN_POINT('',(0.00275046990027087,0.00701753141034508,0.00356158887685032));
#2336=CARTESIAN_POINT('',(0.00270200311966285,0.00697014928343455,0.00359901779574994));
#2337=CARTESIAN_POINT('',(0.00265761538911371,0.00690586502690498,0.00363155469687028));
#2338=CARTESIAN_POINT('',(0.0026305955940657,0.00683221934760493,0.00365102270884229));
#2339=CARTESIAN_POINT('',(0.00261044307864858,0.00677729125933256,0.00366554278239243));
#2340=CARTESIAN_POINT('',(0.0026,0.00671756911086933,0.00367287353444139));
#2341=CARTESIAN_POINT('',(0.0026,0.00666,0.00367287353444139));
#2342=CARTESIAN_POINT('',(0.0026,0.00666,0.00367287353444139));
#2343=CARTESIAN_POINT('',(0.0026,0.00656648532915288,0.00367287353444139));
#2344=CARTESIAN_POINT('',(0.00262988691059282,0.00646694715116702,0.00365204372721374));
#2345=CARTESIAN_POINT('',(0.00267894931357144,0.00639034036368407,0.00361569226778429));
#2346=CARTESIAN_POINT('',(0.00272526840495769,0.00631801702493983,0.00358137339082121));
#2347=CARTESIAN_POINT('',(0.00278323829479949,0.00626572192813211,0.00353706352276113));
#2348=CARTESIAN_POINT('',(0.00284907227530625,0.00622752424694555,0.00348321506227814));
#2349=CARTESIAN_POINT('',(0.00291593241427388,0.00618873117606154,0.00342852726240074));
#2350=CARTESIAN_POINT('',(0.00298918273215868,0.00616770529593949,0.00336501549737552));
#2351=CARTESIAN_POINT('',(0.00305700808367248,0.00616185173378753,0.00330222676028783));
#2352=CARTESIAN_POINT('',(0.00311113140086215,0.00615718070453418,0.00325212256388505));
#2353=CARTESIAN_POINT('',(0.00316256987262844,0.00616101447771398,0.00320215006117287));
#2354=CARTESIAN_POINT('',(0.0032149919148055,0.00617340277484416,0.003148623030427));
#2355=CARTESIAN_POINT('',(0.0033152156661448,0.00619708749904662,0.00304628669256961));
#2356=CARTESIAN_POINT('',(0.00341033680660067,0.00625357222185519,0.00293797195896061));
#2357=CARTESIAN_POINT('',(0.00348000837665263,0.00633504825946946,0.00285298820509786));
#2358=CARTESIAN_POINT('',(0.00351666071605496,0.00637791061181156,0.00280828053756664));
#2359=CARTESIAN_POINT('',(0.00355139743081343,0.00643423939701925,0.00276385554433188));
#2360=CARTESIAN_POINT('',(0.00357348890362198,0.00649935051152632,0.00273499123502994));
#2361=CARTESIAN_POINT('',(0.0035904809262982,0.00654943180505375,0.00271278977284394));
#2362=CARTESIAN_POINT('',(0.0036,0.00660464922470474,0.0027));
#2363=CARTESIAN_POINT('',(0.0036,0.00666,0.0027));
#2364=CARTESIAN_POINT('',(0.00367287353444139,0.00666,-0.0026));
#2365=CARTESIAN_POINT('',(0.00248997991959775,0.00666,-0.0026));
#2366=CARTESIAN_POINT('',(0.00183540464378473,0.00666,-0.0026));
#2367=VECTOR('',#2828,1.0);
#2368=CARTESIAN_POINT('',(0.0027,0.00666,-0.0036));
#2369=CARTESIAN_POINT('',(0.0027,0.00666,-0.0036));
#2370=CARTESIAN_POINT('',(0.0027,0.00676360127526889,-0.0036));
#2371=CARTESIAN_POINT('',(0.00274554886814722,0.00686141422515712,-0.00356625705897506));
#2372=CARTESIAN_POINT('',(0.00280722786432554,0.00693584295371912,-0.00351702597626948));
#2373=CARTESIAN_POINT('',(0.00286837407872721,0.00700962876860395,-0.00346822015054496));
#2374=CARTESIAN_POINT('',(0.00293851949679935,0.00706043292770916,-0.00340965997017094));
#2375=CARTESIAN_POINT('',(0.0030152260598263,0.00709840368323794,-0.00334042090284209));
#2376=CARTESIAN_POINT('',(0.00308874970768955,0.00713479885398258,-0.00327405488924717));
#2377=CARTESIAN_POINT('',(0.00316621981989271,0.00715536970670688,-0.00319924300773426));
#2378=CARTESIAN_POINT('',(0.00323606739005067,0.00715927272425966,-0.00312695824197424));
#2379=CARTESIAN_POINT('',(0.0032857388041824,0.00716204831689358,-0.00307555364010533));
#2380=CARTESIAN_POINT('',(0.00333455084462727,0.007157271517138,-0.00302260621574507));
#2381=CARTESIAN_POINT('',(0.00338290926258253,0.00714211812411981,-0.00296747787205454));
#2382=CARTESIAN_POINT('',(0.00345086119477249,0.00712082498885281,-0.00289001302455539));
#2383=CARTESIAN_POINT('',(0.00351388630196836,0.00707791919400181,-0.00281224005819188));
#2384=CARTESIAN_POINT('',(0.00356158887685025,0.00701753141034518,-0.00275046990027097));
#2385=CARTESIAN_POINT('',(0.00359901779574988,0.00697014928343465,-0.00270200311966292));
#2386=CARTESIAN_POINT('',(0.00363155469687024,0.00690586502690508,-0.00265761538911376));
#2387=CARTESIAN_POINT('',(0.00365102270884227,0.00683221934760502,-0.00263059559406573));
#2388=CARTESIAN_POINT('',(0.00366554278239242,0.00677729125933262,-0.0026104430786486));
#2389=CARTESIAN_POINT('',(0.00367287353444139,0.00671756911086936,-0.0026));
#2390=CARTESIAN_POINT('',(0.00367287353444139,0.00666,-0.0026));
#2391=CARTESIAN_POINT('',(-4.33680868994202E-19,0.00666,-0.0036));
#2392=CARTESIAN_POINT('',(0.00183540464378473,0.00666,-0.0036));
#2393=VECTOR('',#2829,1.0);
#2394=CARTESIAN_POINT('',(0.00248997991959775,0.00666,-0.0026));
#2395=CARTESIAN_POINT('',(0.00248997991959775,0.00676169229701772,-0.0026));
#2396=CARTESIAN_POINT('',(0.00245490114384299,0.00686296432703118,-0.00263422266623231));
#2397=CARTESIAN_POINT('',(0.00239875961793584,0.00693797254189099,-0.00268439048861382));
#2398=CARTESIAN_POINT('',(0.00233672802099983,0.00702085022068382,-0.00273982165274485));
#2399=CARTESIAN_POINT('',(0.00225785009290683,0.00707191826582913,-0.00280628128702409));
#2400=CARTESIAN_POINT('',(0.00216643373189926,0.00710659660481469,-0.00287516345366468));
#2401=CARTESIAN_POINT('',(0.00206706580648873,0.00714429132995687,-0.00295003711874408));
#2402=CARTESIAN_POINT('',(0.00195409969185395,0.00715855207588283,-0.00302601592694038));
#2403=CARTESIAN_POINT('',(0.00184802439857177,0.00715988904182027,-0.00308946691555087));
#2404=CARTESIAN_POINT('',(0.00176791647106581,0.00716089871680754,-0.00313738502200635));
#2405=CARTESIAN_POINT('',(0.00168445865544525,0.00715510391895158,-0.00318312729403391));
#2406=CARTESIAN_POINT('',(0.00159617865361531,0.00714365558415236,-0.0032267961983588));
#2407=CARTESIAN_POINT('',(0.0014591830536933,0.00712588970896639,-0.00329456293625999));
#2408=CARTESIAN_POINT('',(0.00131407317453943,0.00709440306317291,-0.00335482637386225));
#2409=CARTESIAN_POINT('',(0.00117499718786986,0.00705784727878718,-0.00340284904286069));
#2410=CARTESIAN_POINT('',(0.00105157948142615,0.00702540723522411,-0.00344546493800566));
#2411=CARTESIAN_POINT('',(0.000936741860841905,0.00699066079833224,-0.00347837269451786));
#2412=CARTESIAN_POINT('',(0.000811359839498936,0.00694990303875843,-0.00350737725527897));
#2413=CARTESIAN_POINT('',(0.000547661808131202,0.00686418308587001,-0.00356837838998289));
#2414=CARTESIAN_POINT('',(0.000259466830279915,0.00675669616201061,-0.00359935256537978));
#2415=CARTESIAN_POINT('',(9.14399542020082E-06,0.0066634077488519,-0.0035999883871129));
#2416=CARTESIAN_POINT('',(6.28649817226996E-06,0.00666234283847721,-0.00359999564517569));
#2417=CARTESIAN_POINT('',(2.85750011446687E-06,0.00666106492741694,-0.0036));
#2418=CARTESIAN_POINT('',(-2.16840434497101E-19,0.00666,-0.0036));
#2419=CARTESIAN_POINT('',(0.0026,0.00666,0.00183540464378479));
#2420=VECTOR('',#2830,1.0);
#2421=CARTESIAN_POINT('',(0.0036,0.00666,0.00183540464378479));
#2422=VECTOR('',#2831,1.0);
#2423=CARTESIAN_POINT('',(-0.00183540464378479,0.00666,0.0026));
#2424=VECTOR('',#2832,1.0);
#2425=CARTESIAN_POINT('',(-0.00183540464378479,0.00666,0.0036));
#2426=VECTOR('',#2833,1.0);
#2427=CARTESIAN_POINT('',(-7.96020419445779E-19,0.00115999999999999,-0.0065));
#2428=CARTESIAN_POINT('',(0.0,0.01366,-0.0065));
#2429=CARTESIAN_POINT('',(-7.96020419445779E-19,0.00740999999999999,-0.0065));
#2430=VECTOR('',#2834,1.0);
#2431=CARTESIAN_POINT('',(0.0,0.00115999999999999,0.0065));
#2432=AXIS2_PLACEMENT_3D('',#2835,#2836,#2837);
#2433=CARTESIAN_POINT('',(7.96020419445779E-19,0.01366,0.0065));
#2434=CARTESIAN_POINT('',(7.96020419445779E-19,0.00740999999999999,0.0065));
#2435=VECTOR('',#2838,1.0);
#2436=AXIS2_PLACEMENT_3D('',#2839,#2840,#2841);
#2437=CARTESIAN_POINT('',(-0.006184658438426,0.00966,-0.002));
#2438=CARTESIAN_POINT('',(-0.006184658438426,0.00966,0.002));
#2439=CARTESIAN_POINT('',(-0.00618465843842649,0.00966,-0.002));
#2440=CARTESIAN_POINT('',(-0.00618465843842649,0.00943567275318805,-0.002));
#2441=CARTESIAN_POINT('',(-0.00619683544689387,0.00921662959417815,-0.00196351336633875));
#2442=CARTESIAN_POINT('',(-0.00621962736257873,0.00900139197595376,-0.00188844789990667));
#2443=CARTESIAN_POINT('',(-0.00624324928304301,0.00877831612884568,-0.00181064880209542));
#2444=CARTESIAN_POINT('',(-0.00627756880334949,0.00856924696344109,-0.00169295827280526));
#2445=CARTESIAN_POINT('',(-0.00631431615425023,0.00838697663186199,-0.00154253411766954));
#2446=CARTESIAN_POINT('',(-0.00635872925816042,0.00816668344125805,-0.00136073043743447));
#2447=CARTESIAN_POINT('',(-0.00640604041843586,0.00798624891815345,-0.00113047719762117));
#2448=CARTESIAN_POINT('',(-0.00644053545307552,0.00786264168226735,-0.000877213245270078));
#2449=CARTESIAN_POINT('',(-0.00647681342934605,0.00773264557073469,-0.000610858862688682));
#2450=CARTESIAN_POINT('',(-0.00649918032172792,0.00766266404546118,-0.000313079505853005));
#2451=CARTESIAN_POINT('',(-0.00649997642291987,0.00766007662683937,-1.75071838342871E-05));
#2452=CARTESIAN_POINT('',(-0.00650091809998984,0.00765701607020258,0.000332113795229558));
#2453=CARTESIAN_POINT('',(-0.00647103632847503,0.00774886241000655,0.000686334315582662));
#2454=CARTESIAN_POINT('',(-0.0064239287338579,0.00792308884001365,0.000991533974362383));
#2455=CARTESIAN_POINT('',(-0.00637364231838888,0.00810907207087542,0.00131732850849509));
#2456=CARTESIAN_POINT('',(-0.00630437241715706,0.00839311268347895,0.00159327557150836));
#2457=CARTESIAN_POINT('',(-0.00625443582953059,0.00872835224160845,0.00176975491362053));
#2458=CARTESIAN_POINT('',(-0.00622474451183342,0.00892767912192184,0.00187468607657531));
#2459=CARTESIAN_POINT('',(-0.00620228953137679,0.00914444376830129,0.00194493958815275));
#2460=CARTESIAN_POINT('',(-0.00619181357529308,0.00936241748844454,0.00197773725474754));
#2461=CARTESIAN_POINT('',(-0.00618709867234083,0.00946052070006591,0.0019924984673585));
#2462=CARTESIAN_POINT('',(-0.00618465843842649,0.00955967958193216,0.002));
#2463=CARTESIAN_POINT('',(-0.00618465843842649,0.00966,0.002));
#2464=CARTESIAN_POINT('',(-0.00618465843842649,0.00966,0.002));
#2465=CARTESIAN_POINT('',(-0.00618465843842649,0.00988424993854516,0.002));
#2466=CARTESIAN_POINT('',(-0.00619682690405708,0.010103222549251,0.00196353835612492));
#2467=CARTESIAN_POINT('',(-0.0062196053556388,0.0103184001669887,0.00188852037852632));
#2468=CARTESIAN_POINT('',(-0.00624322206234055,0.0105414963975936,0.00181074171266972));
#2469=CARTESIAN_POINT('',(-0.00627754100147142,0.0107505971026919,0.00169306088514331));
#2470=CARTESIAN_POINT('',(-0.00631428969956691,0.0109328921439214,0.00154264240507747));
#2471=CARTESIAN_POINT('',(-0.00635882622636524,0.0111538193715425,0.00136034705815094));
#2472=CARTESIAN_POINT('',(-0.00640627636350963,0.011334656726362,0.00112931899002918));
#2473=CARTESIAN_POINT('',(-0.00644080126410132,0.0114583105748589,0.000875259433739958));
#2474=CARTESIAN_POINT('',(-0.00647715721082542,0.011588522469785,0.000607725696208442));
#2475=CARTESIAN_POINT('',(-0.00649943716916915,0.0116581707698813,0.000308828725459731));
#2476=CARTESIAN_POINT('',(-0.00649998877045853,0.0116599635036887,1.20823802714451E-05));
#2477=CARTESIAN_POINT('',(-0.00650062808892374,0.0116620413230274,-0.000331853396559898));
#2478=CARTESIAN_POINT('',(-0.00647145908861155,0.0115721937307539,-0.000680523405580166));
#2479=CARTESIAN_POINT('',(-0.00642542164483475,0.0114024245504213,-0.000981812958810932));
#2480=CARTESIAN_POINT('',(-0.00637508312460435,0.0112167945801714,-0.00131125067355558));
#2481=CARTESIAN_POINT('',(-0.00630515014776173,0.0109313586168643,-0.00159040566155637));
#2482=CARTESIAN_POINT('',(-0.0062547504484755,0.0105937575556345,-0.00176864265110156));
#2483=CARTESIAN_POINT('',(-0.00622496641158799,0.0103942499672295,-0.00187397298335581));
#2484=CARTESIAN_POINT('',(-0.00620241022158413,0.0101771356523103,-0.0019445582074241));
#2485=CARTESIAN_POINT('',(-0.00619187472087355,0.00995885206874452,-0.00197754581261904));
#2486=CARTESIAN_POINT('',(-0.00618711988112313,0.00986033720091675,-0.00199243364574258));
#2487=CARTESIAN_POINT('',(-0.00618465843842649,0.0097607625079472,-0.002));
#2488=CARTESIAN_POINT('',(-0.00618465843842649,0.00966,-0.002));
#2489=CARTESIAN_POINT('',(-0.0294321253055229,0.00966,0.002));
#2490=CARTESIAN_POINT('',(-0.0178408777010111,0.00966,0.002));
#2491=VECTOR('',#2842,1.0);
#2492=CARTESIAN_POINT('',(-0.0294321253055229,0.00966,-0.002));
#2493=CARTESIAN_POINT('',(-0.0294321253055229,0.00966,0.002));
#2494=CARTESIAN_POINT('',(-0.0294321253055229,0.00930337331781846,0.002));
#2495=CARTESIAN_POINT('',(-0.029438441653449,0.00900494946901709,0.00190854127760118));
#2496=CARTESIAN_POINT('',(-0.0294519797446281,0.00855925353447023,0.00168569598110145));
#2497=CARTESIAN_POINT('',(-0.029459114225915,0.00839139320037363,0.00155897320666322));
#2498=CARTESIAN_POINT('',(-0.0294747273203696,0.00806511896340267,0.00123462486935781));
#2499=CARTESIAN_POINT('',(-0.029482964857713,0.007926435804274,0.00102858551183767));
#2500=CARTESIAN_POINT('',(-0.0294947968489062,0.00773617662317888,0.000591351749310684));
#2501=CARTESIAN_POINT('',(-0.0294991986079398,0.00767197641978241,0.000329568440863009));
#2502=CARTESIAN_POINT('',(-0.0294999491186454,0.00766075056478091,6.71964188112929E-05));
#2503=CARTESIAN_POINT('',(-0.0295000360114491,0.00765946876823633,-2.33984788142885E-05));
#2504=CARTESIAN_POINT('',(-0.0294999353006881,0.00766095043124729,-8.42486277505602E-05));
#2505=CARTESIAN_POINT('',(-0.0294986873571755,0.00767940364442092,-0.000344372964597019));
#2506=CARTESIAN_POINT('',(-0.0294955802402641,0.0077248041757716,-0.000545348217579294));
#2507=CARTESIAN_POINT('',(-0.0294848666610057,0.00789472989419129,-0.000974192493463763));
#2508=CARTESIAN_POINT('',(-0.02947668442238,0.00803042972966768,-0.00118724849397206));
#2509=CARTESIAN_POINT('',(-0.0294564873342618,0.0084396208139468,-0.00162080955866069));
#2510=CARTESIAN_POINT('',(-0.029444932375247,0.00873319841925194,-0.00180457474701059));
#2511=CARTESIAN_POINT('',(-0.0294342815684501,0.00925332125932388,-0.00196899189869233));
#2512=CARTESIAN_POINT('',(-0.0294321253055229,0.00945363004257507,-0.002));
#2513=CARTESIAN_POINT('',(-0.0294321253055229,0.00966,-0.002));
#2514=CARTESIAN_POINT('',(-0.0178408777010111,0.00966,-0.002));
#2515=VECTOR('',#2843,1.0);
#2516=CARTESIAN_POINT('',(0.0045,0.01866,-5.51091059616309E-19));
#2517=CARTESIAN_POINT('',(0.0045,0.02166,5.51091059616309E-19));
#2518=VECTOR('',#2844,1.0);
#2519=CARTESIAN_POINT('',(-0.0045,0.01866,-5.51091059616309E-19));
#2520=AXIS2_PLACEMENT_3D('',#2845,#2846,#2847);
#2521=CARTESIAN_POINT('',(-0.0045,0.02466,-5.51091059616309E-19));
#2522=CARTESIAN_POINT('',(-0.0045,0.02166,-5.51091059616309E-19));
#2523=VECTOR('',#2848,1.0);
#2524=AXIS2_PLACEMENT_3D('',#2849,#2850,#2851);
#2525=CARTESIAN_POINT('',(-0.0065,0.03166,7.96020419445779E-19));
#2526=CARTESIAN_POINT('',(-0.0065,0.01866,-7.96020419445779E-19));
#2527=CARTESIAN_POINT('',(-0.0065,0.03166,-7.96020419445779E-19));
#2528=VECTOR('',#2852,1.0);
#2529=CARTESIAN_POINT('',(0.0065,0.03166,7.96020419445779E-19));
#2530=AXIS2_PLACEMENT_3D('',#2853,#2854,#2855);
#2531=CARTESIAN_POINT('',(0.0065,0.02966,0.0));
#2532=CARTESIAN_POINT('',(0.0065,0.03166,7.96020419445779E-19));
#2533=VECTOR('',#2856,1.0);
#2534=CARTESIAN_POINT('',(0.00512347538298,0.02566,-0.004));
#2535=CARTESIAN_POINT('',(0.0065,0.02966,0.0));
#2536=CARTESIAN_POINT('',(0.0065,0.02966,-0.000316918679799263));
#2537=CARTESIAN_POINT('',(0.00647669787192875,0.0296225441911571,-0.000640467009184256));
#2538=CARTESIAN_POINT('',(0.00642794171013815,0.0295418081648806,-0.000965176341953248));
#2539=CARTESIAN_POINT('',(0.00638685656741422,0.0294737746888909,-0.00123879774262671));
#2540=CARTESIAN_POINT('',(0.00632771421407139,0.0293748009682337,-0.00150863349398146));
#2541=CARTESIAN_POINT('',(0.00625834562657728,0.029254007509967,-0.00175587870261617));
#2542=CARTESIAN_POINT('',(0.00613784644476384,0.0290441789201777,-0.00218536482052661));
#2543=CARTESIAN_POINT('',(0.00598564549238787,0.0287682852855605,-0.00255881214628579));
#2544=CARTESIAN_POINT('',(0.00582889187840959,0.0284395648094961,-0.00287645953731504));
#2545=CARTESIAN_POINT('',(0.00564583140160838,0.0280556774747454,-0.00324741546860562));
#2546=CARTESIAN_POINT('',(0.00545521293145622,0.0275977396206891,-0.00354230845280337));
#2547=CARTESIAN_POINT('',(0.00531755273135497,0.0270835051987052,-0.00373813228086691));
#2548=CARTESIAN_POINT('',(0.0051984382950767,0.0266385491166681,-0.0039075744643919));
#2549=CARTESIAN_POINT('',(0.0051234753829798,0.0261521896366867,-0.004));
#2550=CARTESIAN_POINT('',(0.0051234753829798,0.02566,-0.004));
#2551=CARTESIAN_POINT('',(0.0065,0.02166,0.0));
#2552=CARTESIAN_POINT('',(0.0051234753829798,0.02566,-0.004));
#2553=CARTESIAN_POINT('',(0.0051234753829798,0.0251997266928899,-0.004));
#2554=CARTESIAN_POINT('',(0.00518856046965434,0.0247446820332875,-0.00391951378756932));
#2555=CARTESIAN_POINT('',(0.00529510630114174,0.0243227824633251,-0.00376986064193479));
#2556=CARTESIAN_POINT('',(0.00542341740926384,0.0238146968762835,-0.003589636219428));
#2557=CARTESIAN_POINT('',(0.00560517390085245,0.0233611747264997,-0.00331448778341266));
#2558=CARTESIAN_POINT('',(0.00578409787296017,0.022975640075552,-0.00296550363277769));
#2559=CARTESIAN_POINT('',(0.00596944245771364,0.022576270673307,-0.0026039963304133));
#2560=CARTESIAN_POINT('',(0.00615172635390815,0.0222497297000409,-0.00216573461507989));
#2561=CARTESIAN_POINT('',(0.00628705139183648,0.0220162361213173,-0.00165014690146272));
#2562=CARTESIAN_POINT('',(0.00637532174296637,0.0218639320060106,-0.00131383730779131));
#2563=CARTESIAN_POINT('',(0.0064422385263799,0.0217543398759958,-0.000938346381465263));
#2564=CARTESIAN_POINT('',(0.0064745014229642,0.0217015699228147,-0.000575179384222448));
#2565=CARTESIAN_POINT('',(0.00649169995536554,0.021673439598334,-0.000381584263187481));
#2566=CARTESIAN_POINT('',(0.0065,0.02166,-0.000190041399849705));
#2567=CARTESIAN_POINT('',(0.0065,0.02166,0.0));
#2568=CARTESIAN_POINT('',(0.0065,0.01866,0.0));
#2569=CARTESIAN_POINT('',(0.0065,0.03166,7.96020419445779E-19));
#2570=VECTOR('',#2857,1.0);
#2571=AXIS2_PLACEMENT_3D('',#2858,#2859,#2860);
#2572=CARTESIAN_POINT('',(0.029227555491351,0.02566,-0.004));
#2573=CARTESIAN_POINT('',(0.0173096081762064,0.02566,-0.004));
#2574=VECTOR('',#2861,1.0);
#2575=CARTESIAN_POINT('',(0.029227555491351,0.02566,0.004));
#2576=AXIS2_PLACEMENT_3D('',#2862,#2863,#2864);
#2577=CARTESIAN_POINT('',(0.00512347538298,0.02566,0.004));
#2578=CARTESIAN_POINT('',(0.0173096081762064,0.02566,0.004));
#2579=VECTOR('',#2865,1.0);
#2580=CARTESIAN_POINT('',(0.0065,0.02166,0.0));
#2581=CARTESIAN_POINT('',(0.0065,0.02166,0.000333456793252608));
#2582=CARTESIAN_POINT('',(0.00647416842481841,0.0217014865131567,0.000672630329389418));
#2583=CARTESIAN_POINT('',(0.00642090389751309,0.0217898569973322,0.0010109367630575));
#2584=CARTESIAN_POINT('',(0.00637819892055547,0.0218607082689264,0.00128217484936578));
#2585=CARTESIAN_POINT('',(0.00631839416180802,0.021961068587025,0.00154663634315567));
#2586=CARTESIAN_POINT('',(0.0062486165663463,0.0220829608622189,0.00179019300824871));
#2587=CARTESIAN_POINT('',(0.00613094744446745,0.0222885133306148,0.00220091365173892));
#2588=CARTESIAN_POINT('',(0.00598391328472363,0.0225560263142136,0.00256132824764817));
#2589=CARTESIAN_POINT('',(0.0058325329815407,0.0228728076885941,0.00286906936466163));
#2590=CARTESIAN_POINT('',(0.00566908789341621,0.0232148360672086,0.00320133699084687));
#2591=CARTESIAN_POINT('',(0.00549997212961699,0.0236149383492581,0.00347218552505815));
#2592=CARTESIAN_POINT('',(0.00536674261499687,0.02406252502504,0.00366716153235394));
#2593=CARTESIAN_POINT('',(0.00522826193148273,0.0245277530863358,0.00386982241298665));
#2594=CARTESIAN_POINT('',(0.00513339048578189,0.0250443944228593,0.00398729519400479));
#2595=CARTESIAN_POINT('',(0.00512424763436278,0.0255710403559327,0.00399901065036434));
#2596=CARTESIAN_POINT('',(0.00512373340803435,0.0256006607874733,0.00399966956910134));
#2597=CARTESIAN_POINT('',(0.0051234753829798,0.0256303160187681,0.004));
#2598=CARTESIAN_POINT('',(0.0051234753829798,0.02566,0.004));
#2599=CARTESIAN_POINT('',(0.024,-0.00134000000000001,-2.93915231795365E-18));
#2600=CARTESIAN_POINT('',(0.024,-0.04634,-2.93915231795365E-18));
#2601=CARTESIAN_POINT('',(0.024,-0.00134000000000001,-2.93915231795365E-18));
#2602=VECTOR('',#2866,1.0);
#2603=CARTESIAN_POINT('',(-0.024,-0.00134000000000001,2.93915231795365E-18));
#2604=AXIS2_PLACEMENT_3D('',#2867,#2868,#2869);
#2605=CARTESIAN_POINT('',(-0.024,-0.04634,-2.93915231795365E-18));
#2606=CARTESIAN_POINT('',(-0.024,-0.00134000000000001,2.93915231795365E-18));
#2607=VECTOR('',#2870,1.0);
#2608=AXIS2_PLACEMENT_3D('',#2871,#2872,#2873);
#2609=AXIS2_PLACEMENT_3D('',#2874,#2875,#2876);
#2610=AXIS2_PLACEMENT_3D('',#2877,#2878,#2879);
#2611=AXIS2_PLACEMENT_3D('',#2880,#2881,#2882);
#2612=AXIS2_PLACEMENT_3D('',#2883,#2884,#2885);
#2613=CARTESIAN_POINT('',(0.0295,0.02966,-2.16840434497101E-18));
#2614=AXIS2_PLACEMENT_3D('',#2886,#2887,#2888);
#2615=AXIS2_PLACEMENT_3D('',#2889,#2890,#2891);
#2616=CARTESIAN_POINT('',(0.0051234753829798,0.02566,0.004));
#2617=CARTESIAN_POINT('',(0.0051234753829798,0.0261537239464668,0.004));
#2618=CARTESIAN_POINT('',(0.00519872894466368,0.0266408780757889,0.00390727208397108));
#2619=CARTESIAN_POINT('',(0.0053187021082172,0.0270877927426465,0.00373649673946678));
#2620=CARTESIAN_POINT('',(0.00545605713002633,0.0275994569514982,0.00354097925477209));
#2621=CARTESIAN_POINT('',(0.00564460254479088,0.0280525525573056,0.003249114101911));
#2622=CARTESIAN_POINT('',(0.00582645001115316,0.0284344404359198,0.00288140248273881));
#2623=CARTESIAN_POINT('',(0.00600900778954842,0.0288178200018302,0.00251225454997373));
#2624=CARTESIAN_POINT('',(0.0061853321526784,0.0291298096028545,0.00206794827811818));
#2625=CARTESIAN_POINT('',(0.00631255578229633,0.0293475954909131,0.00154972239301015));
#2626=CARTESIAN_POINT('',(0.00638916422327054,0.0294787365171553,0.00123766969297456));
#2627=CARTESIAN_POINT('',(0.00644627209521109,0.0295722666957981,0.000897866900035343));
#2628=CARTESIAN_POINT('',(0.00647525930335524,0.0296196695626894,0.000566583581046481));
#2629=CARTESIAN_POINT('',(0.00649188276739738,0.0296468539624199,0.000376600595669394));
#2630=CARTESIAN_POINT('',(0.0065,0.02966,0.000187689923663565));
#2631=CARTESIAN_POINT('',(0.0065,0.02966,0.0));
#2632=AXIS2_PLACEMENT_3D('',#2892,#2893,#2894);
#2633=AXIS2_PLACEMENT_3D('',#2895,#2896,#2897);
#2634=AXIS2_PLACEMENT_3D('',#2898,#2899,#2900);
#2635=CARTESIAN_POINT('',(-0.0294321253055229,0.00966,-0.002));
#2636=CARTESIAN_POINT('',(-0.0294321253055229,0.01003396758537,-0.002));
#2637=CARTESIAN_POINT('',(-0.0294390493727869,0.0103441373663424,-0.00189976812499503));
#2638=CARTESIAN_POINT('',(-0.0294553358932152,0.0108597900223367,-0.00162890601444571));
#2639=CARTESIAN_POINT('',(-0.0294652169967092,0.0110652934770822,-0.00144642749627888));
#2640=CARTESIAN_POINT('',(-0.0294823820745935,0.0113883046831232,-0.00103964683384406));
#2641=CARTESIAN_POINT('',(-0.029490027323761,0.0115085013650643,-0.00080693309343274));
#2642=CARTESIAN_POINT('',(-0.0294980605119988,0.011631836442687,-0.000380997090587022));
#2643=CARTESIAN_POINT('',(-0.0294998766825106,0.0116581809873083,-0.000200917428467572));
#2644=CARTESIAN_POINT('',(-0.0295000211478344,0.0116603119466062,2.33233494379342E-05));
#2645=CARTESIAN_POINT('',(-0.0294999457832194,0.0116592021291504,7.34510168019485E-05));
#2646=CARTESIAN_POINT('',(-0.0294989243867342,0.0116441093216963,0.000323884946620133));
#2647=CARTESIAN_POINT('',(-0.0294959563026398,0.0116008497065743,0.000525047962723533));
#2648=CARTESIAN_POINT('',(-0.0294853415138201,0.0114331609803258,0.000961260685039343));
#2649=CARTESIAN_POINT('',(-0.0294770034870622,0.0112956983273554,0.0011799951672908));
#2650=CARTESIAN_POINT('',(-0.0294566343516689,0.0108837915533521,0.0016181751269545));
#2651=CARTESIAN_POINT('',(-0.0294450673988732,0.0105909196920934,0.00180241083014907));
#2652=CARTESIAN_POINT('',(-0.0294343165732931,0.0100698717229839,0.00196849920081399));
#2653=CARTESIAN_POINT('',(-0.0294321253055229,0.00986798886726871,0.002));
#2654=CARTESIAN_POINT('',(-0.0294321253055229,0.00966,0.002));
#2655=AXIS2_PLACEMENT_3D('',#2901,#2902,#2903);
#2656=AXIS2_PLACEMENT_3D('',#2904,#2905,#2906);
#2657=AXIS2_PLACEMENT_3D('',#2907,#2908,#2909);
#2658=AXIS2_PLACEMENT_3D('',#2910,#2911,#2912);
#2659=CARTESIAN_POINT('',(-2.16840434497101E-19,0.00666,-0.0036));
#2660=CARTESIAN_POINT('',(2.85750011446705E-06,0.00665893507258306,-0.0036));
#2661=CARTESIAN_POINT('',(6.2864981722696E-06,0.00665765716152279,-0.00359999564517569));
#2662=CARTESIAN_POINT('',(9.14399542020074E-06,0.0066565922511481,-0.0035999883871129));
#2663=CARTESIAN_POINT('',(0.000361869598374184,0.00652514115201665,-0.00359909246164005));
#2664=CARTESIAN_POINT('',(0.0007501560564814,0.00637861651314669,-0.00354223287326029));
#2665=CARTESIAN_POINT('',(0.00111846938023941,0.00627735720324432,-0.00342184544441546));
#2666=CARTESIAN_POINT('',(0.00133272136667226,0.00621845352832416,-0.00335181472842515));
#2667=CARTESIAN_POINT('',(0.00154038541921641,0.00617478934855983,-0.00326127832060594));
#2668=CARTESIAN_POINT('',(0.00173383235482188,0.00616303070600248,-0.00315496836202406));
#2669=CARTESIAN_POINT('',(0.00182152716861254,0.00615770019008467,-0.00310677513532471));
#2670=CARTESIAN_POINT('',(0.00190728480855563,0.00615849734135557,-0.00305503912679405));
#2671=CARTESIAN_POINT('',(0.00199459378330607,0.00617073852713107,-0.00299693103684365));
#2672=CARTESIAN_POINT('',(0.00211800392550373,0.00618804128989447,-0.0029147959795473));
#2673=CARTESIAN_POINT('',(0.00223671250553938,0.00622948487717045,-0.00282335141668056));
#2674=CARTESIAN_POINT('',(0.00232760579613654,0.00630657732430241,-0.00274631594282078));
#2675=CARTESIAN_POINT('',(0.00236921462969939,0.00634186845283997,-0.00271105089532159));
#2676=CARTESIAN_POINT('',(0.00240659420317936,0.00638549326584657,-0.00267766213602298));
#2677=CARTESIAN_POINT('',(0.00243577228292407,0.00644030572167722,-0.0026508514454301));
#2678=CARTESIAN_POINT('',(0.0024703328724525,0.0065052294864891,-0.00261909495971681));
#2679=CARTESIAN_POINT('',(0.00248997991959775,0.00658392049196943,-0.0026));
#2680=CARTESIAN_POINT('',(0.00248997991959775,0.00666,-0.0026));
#2681=CARTESIAN_POINT('',(0.00367287353444139,0.00666,-0.0026));
#2682=CARTESIAN_POINT('',(0.00367287353444139,0.00656648532915289,-0.0026));
#2683=CARTESIAN_POINT('',(0.00365204372721375,0.00646694715116704,-0.00262988691059281));
#2684=CARTESIAN_POINT('',(0.0036156922677843,0.00639034036368409,-0.00267894931357143));
#2685=CARTESIAN_POINT('',(0.00358137339082123,0.00631801702493987,-0.00272526840495766));
#2686=CARTESIAN_POINT('',(0.00353706352276117,0.00626572192813216,-0.00278323829479943));
#2687=CARTESIAN_POINT('',(0.0034832150622782,0.0062275242469456,-0.00284907227530617));
#2688=CARTESIAN_POINT('',(0.00342852726240088,0.00618873117606162,-0.00291593241427371));
#2689=CARTESIAN_POINT('',(0.00336501549737575,0.00616770529593956,-0.00298918273215842));
#2690=CARTESIAN_POINT('',(0.00330222676028813,0.00616185173378756,-0.00305700808367216));
#2691=CARTESIAN_POINT('',(0.00325212256388536,0.00615718070453417,-0.00311113140086182));
#2692=CARTESIAN_POINT('',(0.00320215006117321,0.00616101447771393,-0.00316256987262809));
#2693=CARTESIAN_POINT('',(0.00314862303042737,0.00617340277484407,-0.00321499191480513));
#2694=CARTESIAN_POINT('',(0.00304628669256995,0.00619708749904646,-0.00331521566614449));
#2695=CARTESIAN_POINT('',(0.00293797195896087,0.00625357222185501,-0.00341033680660045));
#2696=CARTESIAN_POINT('',(0.00285298820509804,0.00633504825946928,-0.00348000837665248));
#2697=CARTESIAN_POINT('',(0.0028082805375668,0.00637791061181137,-0.00351666071605483));
#2698=CARTESIAN_POINT('',(0.00276385554433202,0.00643423939701903,-0.00355139743081333));
#2699=CARTESIAN_POINT('',(0.00273499123503004,0.00649935051152609,-0.0035734889036219));
#2700=CARTESIAN_POINT('',(0.00271278977284398,0.00654943180505358,-0.00359048092629817));
#2701=CARTESIAN_POINT('',(0.0027,0.00660464922470466,-0.0036));
#2702=CARTESIAN_POINT('',(0.0027,0.00666,-0.0036));
#2703=CARTESIAN_POINT('',(-0.0026,0.00666,-0.00367287353444139));
#2704=CARTESIAN_POINT('',(-0.0026,0.00656648532915288,-0.00367287353444139));
#2705=CARTESIAN_POINT('',(-0.00262988691059282,0.00646694715116702,-0.00365204372721374));
#2706=CARTESIAN_POINT('',(-0.00267894931357145,0.00639034036368406,-0.00361569226778429));
#2707=CARTESIAN_POINT('',(-0.0027252684049577,0.00631801702493982,-0.00358137339082121));
#2708=CARTESIAN_POINT('',(-0.00278323829479951,0.0062657219281321,-0.00353706352276112));
#2709=CARTESIAN_POINT('',(-0.00284907227530627,0.00622752424694553,-0.00348321506227811));
#2710=CARTESIAN_POINT('',(-0.00291593241427392,0.00618873117606152,-0.00342852726240071));
#2711=CARTESIAN_POINT('',(-0.00298918273215873,0.00616770529593948,-0.00336501549737548));
#2712=CARTESIAN_POINT('',(-0.00305700808367254,0.00616185173378753,-0.00330222676028778));
#2713=CARTESIAN_POINT('',(-0.00311113140086219,0.00615718070453418,-0.00325212256388502));
#2714=CARTESIAN_POINT('',(-0.00316256987262847,0.00616101447771398,-0.00320215006117284));
#2715=CARTESIAN_POINT('',(-0.0032149919148055,0.00617340277484416,-0.00314862303042699));
#2716=CARTESIAN_POINT('',(-0.0033152156661448,0.00619708749904662,-0.00304628669256961));
#2717=CARTESIAN_POINT('',(-0.00341033680660067,0.0062535722218552,-0.00293797195896061));
#2718=CARTESIAN_POINT('',(-0.00348000837665264,0.00633504825946946,-0.00285298820509785));
#2719=CARTESIAN_POINT('',(-0.00351666071605495,0.00637791061181155,-0.00280828053756665));
#2720=CARTESIAN_POINT('',(-0.00355139743081342,0.00643423939701923,-0.0027638555443319));
#2721=CARTESIAN_POINT('',(-0.00357348890362197,0.00649935051152628,-0.00273499123502996));
#2722=CARTESIAN_POINT('',(-0.00359048092629819,0.00654943180505372,-0.00271278977284395));
#2723=CARTESIAN_POINT('',(-0.0036,0.00660464922470473,-0.0027));
#2724=CARTESIAN_POINT('',(-0.0036,0.00666,-0.0027));
#2725=CARTESIAN_POINT('',(-0.0036,0.00666,0.0));
#2726=CARTESIAN_POINT('',(-0.0036,0.00665893507258304,-2.8575001145181E-06));
#2727=CARTESIAN_POINT('',(-0.00359999564517569,0.00665765716152283,-6.28649817241132E-06));
#2728=CARTESIAN_POINT('',(-0.0035999883871129,0.0066565922511481,-9.14399542038624E-06));
#2729=CARTESIAN_POINT('',(-0.00359909246164223,0.00652514115233733,-0.000361869597506713));
#2730=CARTESIAN_POINT('',(-0.0035422328735583,0.00637861651387411,-0.000750156054580033));
#2731=CARTESIAN_POINT('',(-0.00342184544530293,0.00627735720399078,-0.0011184693775243));
#2732=CARTESIAN_POINT('',(-0.00335181472965303,0.00621845352907962,-0.00133272136349134));
#2733=CARTESIAN_POINT('',(-0.00326127832226211,0.00617478934920198,-0.00154038541564247));
#2734=CARTESIAN_POINT('',(-0.00315496836414369,0.00616303070623693,-0.0017338323509649));
#2735=CARTESIAN_POINT('',(-0.00310677513741431,0.00615770019010773,-0.00182152716506419));
#2736=CARTESIAN_POINT('',(-0.00305503912894954,0.00615849734116313,-0.00190728480511677));
#2737=CARTESIAN_POINT('',(-0.00299693103895299,0.00617073852668671,-0.00199459378013673));
#2738=CARTESIAN_POINT('',(-0.00291479598145016,0.00618804128912379,-0.00211800392292758));
#2739=CARTESIAN_POINT('',(-0.00282335141812947,0.00622948487615201,-0.00223671250375151));
#2740=CARTESIAN_POINT('',(-0.00274631594380997,0.00630657732331249,-0.00232760579496941));
#2741=CARTESIAN_POINT('',(-0.00271105089641996,0.00634186845154323,-0.00236921462843928));
#2742=CARTESIAN_POINT('',(-0.00267766213725794,0.00638549326404037,-0.00240659420180802));
#2743=CARTESIAN_POINT('',(-0.0026508514465669,0.0064403057193531,-0.00243577228168689));
#2744=CARTESIAN_POINT('',(-0.0026190949602065,0.00650522948463682,-0.00247033287195194));
#2745=CARTESIAN_POINT('',(-0.0026,0.00658392049106161,-0.00248997991959775));
#2746=CARTESIAN_POINT('',(-0.0026,0.00666,-0.00248997991959775));
#2747=AXIS2_PLACEMENT_3D('',#2913,#2914,#2915);
#2748=AXIS2_PLACEMENT_3D('',#2916,#2917,#2918);
#2749=AXIS2_PLACEMENT_3D('',#2919,#2920,#2921);
#2750=AXIS2_PLACEMENT_3D('',#2922,#2923,#2924);
#2751=AXIS2_PLACEMENT_3D('',#2925,#2926,#2927);
#2752=AXIS2_PLACEMENT_3D('',#2928,#2929,#2930);
#2753=AXIS2_PLACEMENT_3D('',#2931,#2932,#2933);
#2754=AXIS2_PLACEMENT_3D('',#2934,#2935,#2936);
#2755=DIRECTION('',(-8.65956056235365E-17,0.707106781186652,0.707106781186443));
#2756=CARTESIAN_POINT('',(0.0,0.02466,0.0));
#2757=DIRECTION('',(0.0,-1.0,0.0));
#2758=DIRECTION('',(-1.0,0.0,0.0));
#2759=CARTESIAN_POINT('',(0.0,0.02466,0.0));
#2760=DIRECTION('',(0.0,-1.0,0.0));
#2761=DIRECTION('',(-1.0,0.0,0.0));
#2762=DIRECTION('',(-8.65956056235365E-17,-0.707106781186652,0.707106781186443));
#2763=CARTESIAN_POINT('',(0.0,0.02566,0.0));
#2764=DIRECTION('',(0.0,-1.0,0.0));
#2765=DIRECTION('',(-1.0,0.0,0.0));
#2766=DIRECTION('',(-0.0,-1.0,-0.0));
#2767=CARTESIAN_POINT('',(0.0,0.02566,0.0));
#2768=DIRECTION('',(0.0,-1.0,0.0));
#2769=DIRECTION('',(1.0,0.0,0.0));
#2770=DIRECTION('',(0.0,1.0,0.0));
#2771=CARTESIAN_POINT('',(0.0,0.02366,0.0));
#2772=DIRECTION('',(0.0,-1.0,0.0));
#2773=DIRECTION('',(1.0,0.0,0.0));
#2774=DIRECTION('',(-0.0,-1.0,-0.0));
#2775=CARTESIAN_POINT('',(0.0,0.02366,0.0));
#2776=DIRECTION('',(0.0,-1.0,0.0));
#2777=DIRECTION('',(-1.0,0.0,0.0));
#2778=DIRECTION('',(0.0,1.0,0.0));
#2779=CARTESIAN_POINT('',(0.0,0.00516,0.0));
#2780=DIRECTION('',(0.0,1.0,0.0));
#2781=DIRECTION('',(-1.0,0.0,0.0));
#2782=DIRECTION('',(-0.0,1.0,-0.0));
#2783=CARTESIAN_POINT('',(0.0,0.00516,0.0));
#2784=DIRECTION('',(0.0,-1.0,0.0));
#2785=DIRECTION('',(-1.0,0.0,0.0));
#2786=DIRECTION('',(-0.0,-1.0,-0.0));
#2787=CARTESIAN_POINT('',(0.0,0.00816,0.0));
#2788=DIRECTION('',(-0.0,1.0,0.0));
#2789=DIRECTION('',(1.0,0.0,0.0));
#2790=CARTESIAN_POINT('',(0.0,0.00816,0.0));
#2791=DIRECTION('',(-0.0,1.0,0.0));
#2792=DIRECTION('',(1.0,0.0,0.0));
#2793=CARTESIAN_POINT('',(0.00349961685017365,0.00816,5.17870831452475E-05));
#2794=DIRECTION('',(-0.0147963094700707,-0.0,0.999890528621042));
#2795=DIRECTION('',(0.999890528621041,0.0,0.0147963094700707));
#2796=CARTESIAN_POINT('',(0.0,0.00864989794855664,0.0));
#2797=DIRECTION('',(0.0,-1.0,0.0));
#2798=DIRECTION('',(1.0,0.0,0.0));
#2799=CARTESIAN_POINT('',(0.0,0.00864989794855664,0.0));
#2800=DIRECTION('',(0.0,-1.0,0.0));
#2801=DIRECTION('',(1.0,0.0,0.0));
#2802=CARTESIAN_POINT('',(-0.00349961685017365,0.00816,-5.17870831452475E-05));
#2803=DIRECTION('',(-0.0147963094700707,-0.0,0.999890528621042));
#2804=DIRECTION('',(-0.999890528621041,0.0,-0.0147963094700707));
#2805=CARTESIAN_POINT('',(0.0,0.00816,0.0));
#2806=DIRECTION('',(-0.0,1.0,0.0));
#2807=DIRECTION('',(1.0,0.0,0.0));
#2808=DIRECTION('',(-0.0,-1.0,-0.0));
#2809=DIRECTION('',(-0.0,-1.0,-0.0));
#2810=CARTESIAN_POINT('',(0.0,0.00864989794855664,0.0));
#2811=DIRECTION('',(0.0,-1.0,0.0));
#2812=DIRECTION('',(1.0,0.0,0.0));
#2813=DIRECTION('',(0.0,1.0,0.0));
#2814=DIRECTION('',(0.0,1.0,0.0));
#2815=CARTESIAN_POINT('',(0.0,-0.00134000000000001,0.0));
#2816=DIRECTION('',(-0.0,1.0,0.0));
#2817=DIRECTION('',(1.0,0.0,0.0));
#2818=DIRECTION('',(-0.0,-0.0,1.0));
#2819=DIRECTION('',(0.0,0.0,-1.0));
#2820=DIRECTION('',(-0.0,1.0,-0.0));
#2821=CARTESIAN_POINT('',(0.0,0.00115999999999999,0.0));
#2822=DIRECTION('',(0.0,1.0,0.0));
#2823=DIRECTION('',(-1.0,0.0,0.0));
#2824=DIRECTION('',(-0.0,-1.0,-0.0));
#2825=CARTESIAN_POINT('',(0.0,0.01366,0.0));
#2826=DIRECTION('',(0.0,1.0,0.0));
#2827=DIRECTION('',(-1.0,0.0,0.0));
#2828=DIRECTION('',(-1.0,-0.0,6.12303176911189E-17));
#2829=DIRECTION('',(1.0,0.0,-6.12303176911189E-17));
#2830=DIRECTION('',(-1.22460635382238E-16,-0.0,-1.0));
#2831=DIRECTION('',(1.22460635382238E-16,0.0,1.0));
#2832=DIRECTION('',(1.0,-0.0,-1.83690953073357E-16));
#2833=DIRECTION('',(-1.0,0.0,1.83690953073357E-16));
#2834=DIRECTION('',(-0.0,1.0,-0.0));
#2835=CARTESIAN_POINT('',(0.0,0.00115999999999999,0.0));
#2836=DIRECTION('',(0.0,-1.0,0.0));
#2837=DIRECTION('',(0.0,0.0,-1.0));
#2838=DIRECTION('',(-0.0,-1.0,0.0));
#2839=CARTESIAN_POINT('',(0.0,0.01366,0.0));
#2840=DIRECTION('',(0.0,1.0,0.0));
#2841=DIRECTION('',(0.0,0.0,-1.0));
#2842=DIRECTION('',(1.0,-0.0,-0.0));
#2843=DIRECTION('',(-1.0,0.0,0.0));
#2844=DIRECTION('',(-0.0,1.0,-0.0));
#2845=CARTESIAN_POINT('',(0.0,0.01866,0.0));
#2846=DIRECTION('',(-0.0,1.0,0.0));
#2847=DIRECTION('',(1.0,0.0,0.0));
#2848=DIRECTION('',(-0.0,-1.0,-0.0));
#2849=CARTESIAN_POINT('',(0.0,0.02466,0.0));
#2850=DIRECTION('',(0.0,-1.0,0.0));
#2851=DIRECTION('',(-1.0,0.0,0.0));
#2852=DIRECTION('',(-0.0,-1.0,-0.0));
#2853=CARTESIAN_POINT('',(0.0,0.03166,0.0));
#2854=DIRECTION('',(0.0,1.0,0.0));
#2855=DIRECTION('',(-1.0,0.0,0.0));
#2856=DIRECTION('',(0.0,1.0,0.0));
#2857=DIRECTION('',(0.0,1.0,0.0));
#2858=CARTESIAN_POINT('',(0.0,0.01866,0.0));
#2859=DIRECTION('',(0.0,1.0,0.0));
#2860=DIRECTION('',(-1.0,0.0,0.0));
#2861=DIRECTION('',(-1.0,-0.0,-0.0));
#2862=CARTESIAN_POINT('',(0.029227555491351,0.02566,0.0));
#2863=DIRECTION('',(-1.0,0.0,0.0));
#2864=DIRECTION('',(0.0,-1.0,0.0));
#2865=DIRECTION('',(1.0,0.0,0.0));
#2866=DIRECTION('',(0.0,-1.0,0.0));
#2867=CARTESIAN_POINT('',(0.0,-0.00134000000000001,0.0));
#2868=DIRECTION('',(-0.0,1.0,0.0));
#2869=DIRECTION('',(1.0,0.0,0.0));
#2870=DIRECTION('',(-0.0,1.0,-0.0));
#2871=CARTESIAN_POINT('',(0.0,-0.04634,0.0));
#2872=DIRECTION('',(0.0,-1.0,0.0));
#2873=DIRECTION('',(1.0,0.0,0.0));
#2874=CARTESIAN_POINT('',(0.0,-0.04634,0.0));
#2875=DIRECTION('',(0.0,-1.0,0.0));
#2876=DIRECTION('',(1.0,0.0,0.0));
#2877=CARTESIAN_POINT('',(0.0,-0.00134000000000001,0.0));
#2878=DIRECTION('',(-0.0,1.0,0.0));
#2879=DIRECTION('',(1.0,0.0,0.0));
#2880=CARTESIAN_POINT('',(0.0,-0.00134000000000001,0.0));
#2881=DIRECTION('',(-0.0,1.0,0.0));
#2882=DIRECTION('',(1.0,0.0,0.0));
#2883=CARTESIAN_POINT('',(0.0,0.03166,0.0));
#2884=DIRECTION('',(0.0,1.0,0.0));
#2885=DIRECTION('',(-1.0,0.0,0.0));
#2886=CARTESIAN_POINT('',(0.0293637777456755,0.02566,0.0));
#2887=DIRECTION('',(-0.998842232336418,0.0340161351508502,0.03401613515085));
#2888=DIRECTION('',(-0.0481060796698484,-0.706288115820593,-0.706288115820587));
#2889=CARTESIAN_POINT('',(0.0293637777456755,0.02566,-8.67361737988404E-19));
#2890=DIRECTION('',(-0.998842232336418,0.0340161351508498,-0.0340161351508498));
#2891=DIRECTION('',(0.048106079669848,0.70628811582059,-0.70628811582059));
#2892=CARTESIAN_POINT('',(0.0,0.01866,0.0));
#2893=DIRECTION('',(0.0,1.0,0.0));
#2894=DIRECTION('',(-1.0,0.0,0.0));
#2895=CARTESIAN_POINT('',(0.0,0.01866,0.0));
#2896=DIRECTION('',(-0.0,1.0,0.0));
#2897=DIRECTION('',(1.0,0.0,0.0));
#2898=CARTESIAN_POINT('',(0.0,0.02466,0.0));
#2899=DIRECTION('',(0.0,-1.0,0.0));
#2900=DIRECTION('',(-1.0,0.0,0.0));
#2901=CARTESIAN_POINT('',(0.0,0.01366,0.0));
#2902=DIRECTION('',(0.0,1.0,0.0));
#2903=DIRECTION('',(0.0,0.0,-1.0));
#2904=CARTESIAN_POINT('',(0.0,0.01366,0.0));
#2905=DIRECTION('',(0.0,1.0,0.0));
#2906=DIRECTION('',(-1.0,0.0,0.0));
#2907=CARTESIAN_POINT('',(0.0,0.00115999999999999,0.0));
#2908=DIRECTION('',(0.0,-1.0,0.0));
#2909=DIRECTION('',(0.0,0.0,-1.0));
#2910=CARTESIAN_POINT('',(0.0,0.00115999999999999,0.0));
#2911=DIRECTION('',(0.0,1.0,0.0));
#2912=DIRECTION('',(-1.0,0.0,0.0));
#2913=CARTESIAN_POINT('',(0.0,0.00864989794855664,0.0));
#2914=DIRECTION('',(0.0,-1.0,0.0));
#2915=DIRECTION('',(1.0,0.0,0.0));
#2916=CARTESIAN_POINT('',(0.0,0.00816,0.0));
#2917=DIRECTION('',(-0.0,1.0,0.0));
#2918=DIRECTION('',(1.0,0.0,0.0));
#2919=CARTESIAN_POINT('',(0.0,0.00516,0.0));
#2920=DIRECTION('',(0.0,-1.0,0.0));
#2921=DIRECTION('',(-1.0,0.0,0.0));
#2922=CARTESIAN_POINT('',(0.0,0.00516,0.0));
#2923=DIRECTION('',(0.0,1.0,0.0));
#2924=DIRECTION('',(-1.0,0.0,0.0));
#2925=CARTESIAN_POINT('',(0.0,0.02366,0.0));
#2926=DIRECTION('',(0.0,-1.0,0.0));
#2927=DIRECTION('',(-1.0,0.0,0.0));
#2928=CARTESIAN_POINT('',(0.0,0.02366,0.0));
#2929=DIRECTION('',(0.0,-1.0,0.0));
#2930=DIRECTION('',(1.0,0.0,0.0));
#2931=CARTESIAN_POINT('',(0.0,0.02566,0.0));
#2932=DIRECTION('',(0.0,-1.0,0.0));
#2933=DIRECTION('',(1.0,0.0,0.0));
#2934=CARTESIAN_POINT('',(0.0,0.02566,0.0));
#2935=DIRECTION('',(0.0,-1.0,0.0));
#2936=DIRECTION('',(-1.0,0.0,0.0));
#2937=PRESENTATION_LAYER_ASSIGNMENT('1','',(#1893,#1965,#1970,#1971,#1997));
#2938=PRESENTATION_LAYER_ASSIGNMENT('','',(#1869,#1871,#1885,#1887,#1895,#1937,#1939,#1963,#1974,#1976,#1979,#1986,#1991,#1993,#1995,#2000,#2002,#2004,#2010,#2019));
#2939=PRESENTATION_LAYER_ASSIGNMENT('9','\X2\56FE5C42\X0\0',(#25));
ENDSEC;
END-ISO-10303-21;
